{
    "metadata": {
        "version": 3,
        "faces": 6,
        "vertices": 8,
        "uvs": 0,
        "normals": 8,
        "type": "Geometry",
        "generator": "io_three"
    },
    "faces": [33,0,1,2,3,0,1,2,3,33,4,5,6,7,4,5,6,7,33,0,3,5,4,0,3,5,4,33,3,2,6,5,3,2,6,5,33,2,1,7,6,2,1,7,6,33,1,0,4,7,1,0,4,7],
    "vertices": [-663.456,394.571,-142.767,-661.884,405.498,-142.767,-661.434,405.44,-142.767,-663.007,394.513,-142.767,-663.456,394.571,-76.1985,-663.007,394.513,-76.1985,-661.434,405.44,-76.1985,-661.884,405.498,-76.1985],
    "uvs": [],
    "normals": [-0.650594,-0.494217,-0.576586,-0.493606,0.649709,-0.578112,0.650563,0.494247,-0.576586,0.493576,-0.649739,-0.578112,-0.650594,-0.494217,0.576586,0.493576,-0.649739,0.578112,0.650563,0.494247,0.576586,-0.493606,0.649678,0.578112],
    "name": "Box373Geometry"
}