{
    "normals": [0.577349,0.577349,-0.577349,-0.577349,0.577349,-0.577349,-0.577349,0.577349,0.577349,0.577349,0.577349,0.577349,0.577349,-0.577349,-0.577349,0.577349,-0.577349,0.577349,-0.577349,-0.577349,0.577349,-0.577349,-0.577349,-0.577349],
    "name": "Box471Geometry",
    "faces": [33,0,1,2,3,0,1,2,3,33,4,5,6,7,4,5,6,7,33,0,3,5,4,0,3,5,4,33,3,2,6,5,3,2,6,5,33,2,1,7,6,2,1,7,6,33,1,0,4,7,1,0,4,7,33,8,9,10,11,0,1,2,3,33,12,13,14,15,4,5,6,7,33,8,11,13,12,0,3,5,4,33,11,10,14,13,3,2,6,5,33,10,9,15,14,2,1,7,6,33,9,8,12,15,1,0,4,7,33,16,17,18,19,7,4,5,6,33,20,21,22,23,1,2,3,0,33,16,19,21,20,7,6,2,1,33,19,18,22,21,6,5,3,2,33,18,17,23,22,5,4,0,3,33,17,16,20,23,4,7,1,0,33,24,25,26,27,7,4,5,6,33,28,29,30,31,1,2,3,0,33,24,27,29,28,7,6,2,1,33,27,26,30,29,6,5,3,2,33,26,25,31,30,5,4,0,3,33,25,24,28,31,4,7,1,0,33,32,33,34,35,7,4,5,6,33,36,37,38,39,1,2,3,0,33,32,35,37,36,7,6,2,1,33,35,34,38,37,6,5,3,2,33,34,33,39,38,5,4,0,3,33,33,32,36,39,4,7,1,0,33,40,41,42,43,7,4,5,6,33,44,45,46,47,1,2,3,0,33,40,43,45,44,7,6,2,1,33,43,42,46,45,6,5,3,2,33,42,41,47,46,5,4,0,3,33,41,40,44,47,4,7,1,0,33,48,49,50,51,7,4,5,6,33,52,53,54,55,1,2,3,0,33,48,51,53,52,7,6,2,1,33,51,50,54,53,6,5,3,2,33,50,49,55,54,5,4,0,3,33,49,48,52,55,4,7,1,0,33,56,57,58,59,7,4,5,6,33,60,61,62,63,1,2,3,0,33,56,59,61,60,7,6,2,1,33,59,58,62,61,6,5,3,2,33,58,57,63,62,5,4,0,3,33,57,56,60,63,4,7,1,0,33,64,65,66,67,7,4,5,6,33,68,69,70,71,1,2,3,0,33,64,67,69,68,7,6,2,1,33,67,66,70,69,6,5,3,2,33,66,65,71,70,5,4,0,3,33,65,64,68,71,4,7,1,0,33,72,73,74,75,7,1,0,4,33,76,77,78,79,6,5,3,2,33,72,75,77,76,7,4,5,6,33,75,74,78,77,4,0,3,5,33,74,73,79,78,0,1,2,3,33,73,72,76,79,1,7,6,2,33,80,81,82,83,7,1,0,4,33,84,85,86,87,6,5,3,2,33,80,83,85,84,7,4,5,6,33,83,82,86,85,4,0,3,5,33,82,81,87,86,0,1,2,3,33,81,80,84,87,1,7,6,2,33,88,89,90,91,7,1,0,4,33,92,93,94,95,6,5,3,2,33,88,91,93,92,7,4,5,6,33,91,90,94,93,4,0,3,5,33,90,89,95,94,0,1,2,3,33,89,88,92,95,1,7,6,2,33,96,97,98,99,7,1,0,4,33,100,101,102,103,6,5,3,2,33,96,99,101,100,7,4,5,6,33,99,98,102,101,4,0,3,5,33,98,97,103,102,0,1,2,3,33,97,96,100,103,1,7,6,2,33,104,105,106,107,4,0,3,5,33,108,109,110,111,7,6,2,1,33,104,107,109,108,4,5,6,7,33,107,106,110,109,5,3,2,6,33,106,105,111,110,3,0,1,2,33,105,104,108,111,0,4,7,1,33,112,113,114,115,4,0,3,5,33,116,117,118,119,7,6,2,1,33,112,115,117,116,4,5,6,7,33,115,114,118,117,5,3,2,6,33,114,113,119,118,3,0,1,2,33,113,112,116,119,0,4,7,1,33,120,121,122,123,4,0,3,5,33,124,125,126,127,7,6,2,1,33,120,123,125,124,4,5,6,7,33,123,122,126,125,5,3,2,6,33,122,121,127,126,3,0,1,2,33,121,120,124,127,0,4,7,1,33,128,129,130,131,5,3,2,6,33,132,133,134,135,4,7,1,0,33,128,131,133,132,5,6,7,4,33,131,130,134,133,6,2,1,7,33,130,129,135,134,2,3,0,1,33,129,128,132,135,3,5,4,0,33,136,137,138,139,7,4,5,6,33,140,141,142,143,1,2,3,0,33,136,139,141,140,7,6,2,1,33,139,138,142,141,6,5,3,2,33,138,137,143,142,5,4,0,3,33,137,136,140,143,4,7,1,0,33,144,145,146,147,7,4,5,6,33,148,149,150,151,1,2,3,0,33,144,147,149,148,7,6,2,1,33,147,146,150,149,6,5,3,2,33,146,145,151,150,5,4,0,3,33,145,144,148,151,4,7,1,0,33,152,153,154,155,7,4,5,6,33,156,157,158,159,1,2,3,0,33,152,155,157,156,7,6,2,1,33,155,154,158,157,6,5,3,2,33,154,153,159,158,5,4,0,3,33,153,152,156,159,4,7,1,0,33,160,161,162,163,7,4,5,6,33,164,165,166,167,1,2,3,0,33,160,163,165,164,7,6,2,1,33,163,162,166,165,6,5,3,2,33,162,161,167,166,5,4,0,3,33,161,160,164,167,4,7,1,0,33,168,169,170,171,7,4,5,6,33,172,173,174,175,1,2,3,0,33,168,171,173,172,7,6,2,1,33,171,170,174,173,6,5,3,2,33,170,169,175,174,5,4,0,3,33,169,168,172,175,4,7,1,0,33,176,177,178,179,7,4,5,6,33,180,181,182,183,1,2,3,0,33,176,179,181,180,7,6,2,1,33,179,178,182,181,6,5,3,2,33,178,177,183,182,5,4,0,3,33,177,176,180,183,4,7,1,0,33,184,185,186,187,7,4,5,6,33,188,189,190,191,1,2,3,0,33,184,187,189,188,7,6,2,1,33,187,186,190,189,6,5,3,2,33,186,185,191,190,5,4,0,3,33,185,184,188,191,4,7,1,0,33,192,193,194,195,7,4,5,6,33,196,197,198,199,1,2,3,0,33,192,195,197,196,7,6,2,1,33,195,194,198,197,6,5,3,2,33,194,193,199,198,5,4,0,3,33,193,192,196,199,4,7,1,0,33,200,201,202,203,7,4,5,6,33,204,205,206,207,1,2,3,0,33,200,203,205,204,7,6,2,1,33,203,202,206,205,6,5,3,2,33,202,201,207,206,5,4,0,3,33,201,200,204,207,4,7,1,0,33,208,209,210,211,7,4,5,6,33,212,213,214,215,1,2,3,0,33,208,211,213,212,7,6,2,1,33,211,210,214,213,6,5,3,2,33,210,209,215,214,5,4,0,3,33,209,208,212,215,4,7,1,0,33,216,217,218,219,7,4,5,6,33,220,221,222,223,1,2,3,0,33,216,219,221,220,7,6,2,1,33,219,218,222,221,6,5,3,2,33,218,217,223,222,5,4,0,3,33,217,216,220,223,4,7,1,0,33,224,225,226,227,4,5,6,7,33,228,229,230,231,0,1,2,3,33,224,227,229,228,4,7,1,0,33,227,226,230,229,7,6,2,1,33,226,225,231,230,6,5,3,2,33,225,224,228,231,5,4,0,3,33,232,233,234,235,4,5,6,7,33,236,237,238,239,0,1,2,3,33,232,235,237,236,4,7,1,0,33,235,234,238,237,7,6,2,1,33,234,233,239,238,6,5,3,2,33,233,232,236,239,5,4,0,3,33,240,241,242,243,5,6,7,4,33,244,245,246,247,3,0,1,2,33,240,243,245,244,5,4,0,3,33,243,242,246,245,4,7,1,0,33,242,241,247,246,7,6,2,1,33,241,240,244,247,6,5,3,2,33,248,249,250,251,2,3,0,1,33,252,253,254,255,6,7,4,5,33,248,251,253,252,2,1,7,6,33,251,250,254,253,1,0,4,7,33,250,249,255,254,0,3,5,4,33,249,248,252,255,3,2,6,5,33,256,257,258,259,5,6,7,4,33,260,261,262,263,3,0,1,2,33,256,259,261,260,5,4,0,3,33,259,258,262,261,4,7,1,0,33,258,257,263,262,7,6,2,1,33,257,256,260,263,6,5,3,2,33,264,265,266,267,2,3,0,1,33,268,269,270,271,6,7,4,5,33,264,267,269,268,2,1,7,6,33,267,266,270,269,1,0,4,7,33,266,265,271,270,0,3,5,4,33,265,264,268,271,3,2,6,5,33,272,273,274,275,5,6,7,4,33,276,277,278,279,3,0,1,2,33,272,275,277,276,5,4,0,3,33,275,274,278,277,4,7,1,0,33,274,273,279,278,7,6,2,1,33,273,272,276,279,6,5,3,2,33,280,281,282,283,5,6,7,4,33,284,285,286,287,3,0,1,2,33,280,283,285,284,5,4,0,3,33,283,282,286,285,4,7,1,0,33,282,281,287,286,7,6,2,1,33,281,280,284,287,6,5,3,2,33,288,289,290,291,6,7,4,5,33,292,293,294,295,2,3,0,1,33,288,291,293,292,6,5,3,2,33,291,290,294,293,5,4,0,3,33,290,289,295,294,4,7,1,0,33,289,288,292,295,7,6,2,1,33,296,297,298,299,6,7,4,5,33,300,301,302,303,2,3,0,1,33,296,299,301,300,6,5,3,2,33,299,298,302,301,5,4,0,3,33,298,297,303,302,4,7,1,0,33,297,296,300,303,7,6,2,1],