{
    "metadata": {
        "version": 3,
        "faces": 10,
        "vertices": 12,
        "uvs": 0,
        "normals": 12,
        "type": "Geometry",
        "generator": "io_three"
    },
    "faces": [33,0,1,2,3,0,1,2,3,33,1,4,5,2,1,4,5,2,33,4,6,7,5,4,6,7,5,33,6,8,9,7,6,8,9,7,33,8,10,11,9,8,10,11,9,33,10,0,3,11,10,0,3,11,33,0,10,8,1,0,10,8,1,33,8,6,4,1,8,6,4,1,33,9,11,3,2,9,11,3,2,33,9,2,5,7,9,2,5,7],
    "vertices": [1056.06,155.892,994.876,942.529,235.781,994.876,942.529,235.781,1332.88,1056.06,155.892,1332.88,821.116,157.187,994.876,821.116,157.187,1332.88,822.203,155.508,994.876,822.203,155.508,1332.88,942.482,233.368,994.876,942.482,233.368,1332.88,1054.9,154.257,994.876,1054.9,154.257,1332.88],
    "uvs": [],
    "normals": [0.804407,0.139897,-0.577349,0.015473,0.799676,-0.600208,0.015473,0.799676,0.600208,0.804407,0.139897,0.577319,-0.798395,0.170904,-0.577349,-0.798395,0.170904,0.577319,-0.170904,-0.798395,-0.577349,-0.170904,-0.798395,0.577349,-0.009949,-0.515275,-0.856929,-0.009949,-0.515275,0.856929,0.139866,-0.804407,-0.577349,0.139897,-0.804407,0.577349],
    "name": "Rectangle006Geometry.1"
}