{
    "metadata": {
        "version": 3,
        "faces": 20,
        "vertices": 20,
        "uvs": 0,
        "normals": 16,
        "type": "Geometry",
        "generator": "io_three"
    },
    "faces": [33,0,1,2,3,0,1,1,0,33,4,5,6,7,2,3,4,5,33,8,9,10,11,6,7,8,9,33,1,0,11,10,1,0,9,8,33,7,6,3,2,5,4,0,1,33,0,12,8,11,0,10,6,9,32,13,8,12,11,6,10,33,6,5,14,15,4,3,6,12,32,3,6,15,0,4,12,33,4,7,2,16,2,5,1,13,32,17,4,16,14,2,13,33,10,9,18,19,8,7,2,15,32,1,10,19,1,8,15,33,2,1,19,16,1,1,15,13,33,13,18,9,8,11,2,7,6,33,17,14,5,4,14,6,3,2,33,0,3,15,12,0,0,12,10,33,12,15,16,19,10,12,13,15,33,17,16,15,14,14,13,12,6,33,13,12,19,18,11,10,15,2],
    "vertices": [249.178,-6.91297,584.787,249.178,0.28233,584.787,-39.3963,0.28233,584.78,-39.3964,-6.91297,584.78,-660.943,0.28236,337.616,-660.943,-6.91294,337.616,-660.945,-6.91297,584.773,-660.945,0.28233,584.773,689.042,-6.91294,337.636,689.042,0.28236,337.636,689.04,0.28233,584.794,689.04,-6.91297,584.794,249.179,-6.91295,441.736,249.18,-6.91294,337.629,-39.3943,-6.91294,337.622,-39.3954,-6.91295,441.729,-39.3953,0.282347,441.676,-39.3943,0.28236,337.622,249.18,0.28236,337.629,249.179,0.282347,441.683],
    "uvs": [],
    "normals": [0,-0.707083,0.707083,0,0.707083,0.707083,-0.577319,0.577349,-0.577349,-0.577319,-0.577349,-0.577349,-0.577349,-0.577349,0.577319,-0.577349,0.577349,0.577319,0.577349,-0.577349,-0.577319,0.577349,0.577349,-0.577319,0.577319,0.577349,0.577349,0.577319,-0.577349,0.577349,-0.2996,-0.905301,-0.301004,-0.577319,-0.577319,-0.577349,0.299631,-0.905301,-0.301004,0.303385,0.903714,-0.30195,0.577349,0.577319,-0.577319,-0.303385,0.903745,-0.301981],
    "name": "parquet_extGeometry"
}