{
    "normals": [0.577319,-0.577349,-0.577349,0.577319,-0.577349,0.577319,-0.577349,-0.577349,0.577349,-0.577349,-0.577349,-0.577349,0.577349,0.577349,0.577349,-0.577349,0.577319,0.577349,0.577349,0.577349,-0.577349,-0.577349,0.577319,-0.577349,0.904508,-0.301492,0.301492,0.904508,0.301492,0.301492,0.904508,-0.301492,-0.301492,0.904508,0.301492,-0.301492,-0.904508,0.301492,-0.301492,-0.904508,0.301492,0.301492,-0.904508,-0.301492,-0.301492,-0.904508,-0.301492,0.301492,-0.650044,-0.494034,-0.577349,-0.494064,0.650044,-0.577319,0.650014,0.494064,-0.577349,0.494034,-0.650044,-0.577349,-0.650044,-0.494034,0.577349,0.494064,-0.650044,0.577319,0.650044,0.494064,0.577319,-0.494064,0.650014,0.577349,-0.650044,-0.494064,-0.577319,-0.494064,0.650014,-0.577349,0.650044,0.494064,-0.577319,0.494034,-0.650014,-0.577349,-0.650014,-0.494064,0.577349,0.650014,0.494064,0.577349,-0.494064,0.650044,0.577319,-0.650014,-0.494064,-0.577349,-0.494064,0.650014,-0.577319,0.494064,-0.650044,-0.577319,-0.650044,-0.494064,0.577319,0.494034,-0.650014,0.577349,-0.494064,0.650044,-0.577349,0.650044,0.494034,-0.577319,0.494034,-0.650044,-0.577319,0.494034,-0.650044,0.577319,0.650044,0.494034,0.577319,-0.494034,0.650044,0.577349,-0.494034,0.650044,-0.577349,0.650044,0.494034,-0.577349,0.650044,0.494034,0.577349],
    "name": "Box355Geometry",
    "faces": [33,0,1,2,3,0,1,2,3,33,1,4,5,2,1,4,5,2,33,4,6,7,5,4,6,7,5,33,6,0,3,7,6,0,3,7,33,0,6,8,9,0,6,8,9,33,6,4,10,8,6,4,10,8,33,4,1,11,10,4,1,11,10,33,1,0,9,11,1,0,9,11,33,3,2,12,13,3,2,12,13,33,2,5,14,12,2,5,14,12,33,5,7,15,14,5,7,15,14,33,7,3,13,15,7,3,13,15,33,13,12,11,9,13,12,11,9,33,14,15,8,10,14,15,8,10,33,15,13,9,8,15,13,9,8,33,12,14,10,11,12,14,10,11,33,16,17,18,19,16,17,18,19,33,20,21,22,23,20,21,22,23,33,16,19,21,20,16,19,21,20,33,19,18,22,21,19,18,22,21,33,18,17,23,22,18,17,23,22,33,17,16,20,23,17,16,20,23,33,24,25,26,27,24,25,26,27,33,28,29,30,31,28,21,29,30,33,24,27,29,28,24,27,21,28,33,27,26,30,29,27,26,29,21,33,26,25,31,30,26,25,30,29,33,25,24,28,31,25,24,28,30,33,32,33,34,35,31,32,18,33,33,36,37,38,39,34,35,22,23,33,32,35,37,36,31,33,35,34,33,35,34,38,37,33,18,22,35,33,34,33,39,38,18,32,23,22,33,33,32,36,39,32,31,34,23,33,40,41,42,43,16,36,37,38,33,44,45,46,47,20,39,40,41,33,40,43,45,44,16,38,39,20,33,43,42,46,45,38,37,40,39,33,42,41,47,46,37,36,41,40,33,41,40,44,47,36,16,20,41,33,48,49,50,51,31,32,18,33,33,52,53,54,55,34,35,22,23,33,48,51,53,52,31,33,35,34,33,51,50,54,53,33,18,22,35,33,50,49,55,54,18,32,23,22,33,49,48,52,55,32,31,34,23,33,56,57,58,59,16,42,43,38,33,60,61,62,63,20,39,44,41,33,56,59,61,60,16,38,39,20,33,59,58,62,61,38,43,44,39,33,58,57,63,62,43,42,41,44,33,57,56,60,63,42,16,20,41,33,64,65,66,67,16,42,43,19,33,68,69,70,71,20,39,44,41,33,64,67,69,68,16,19,39,20,33,67,66,70,69,19,43,44,39,33,66,65,71,70,43,42,41,44,33,65,64,68,71,42,16,20,41,33,72,73,74,75,16,17,18,38,33,76,77,78,79,20,39,22,23,33,72,75,77,76,16,38,39,20,33,75,74,78,77,38,18,22,39,33,74,73,79,78,18,17,23,22,33,73,72,76,79,17,16,20,23],
    "vertices": [-660.898,0.169204,-34.9277,-660.898,0.169192,64.9606,-664.744,0.169192,64.9606,-664.744,0.169204,-34.9277,-660.898,210.342,64.9606,-664.744,210.342,64.9606,-660.898,210.342,-34.9277,-664.744,210.342,-34.9277,-660.898,203.921,-28.5066,-660.898,6.5903,-28.5066,-660.898,203.921,58.5394,-660.898,6.59029,58.5394,-664.744,6.59029,58.5394,-664.744,6.5903,-28.5066,-664.744,203.921,58.5394,-664.744,203.921,-28.5066,-664.2,181.016,-28.5066,-661.425,201.37,-28.5066,-660.632,201.262,-28.5066,-663.407,180.908,-28.5066,-664.2,181.016,61.1485,-663.407,180.908,61.1485,-660.632,201.262,61.1485,-661.425,201.37,61.1485,-664.2,157.342,-28.5066,-661.425,177.696,-28.5066,-660.632,177.588,-28.5066,-663.407,157.234,-28.5066,-664.2,157.342,61.1485,-663.407,157.234,61.1485,-660.632,177.587,61.1485,-661.425,177.696,61.1485,-664.2,133.884,-28.5066,-661.425,154.238,-28.5066,-660.632,154.13,-28.5066,-663.407,133.776,-28.5066,-664.2,133.884,61.1485,-663.407,133.776,61.1485,-660.632,154.13,61.1485,-661.425,154.238,61.1485,-664.2,110.25,-28.5066,-661.425,130.604,-28.5066,-660.632,130.496,-28.5066,-663.407,110.142,-28.5066,-664.2,110.25,61.1485,-663.407,110.142,61.1485,-660.632,130.496,61.1485,-661.425,130.604,61.1485,-664.2,86.2453,-28.5066,-661.425,106.599,-28.5066,-660.632,106.491,-28.5066,-663.407,86.1372,-28.5066,-664.2,86.2452,61.1485,-663.407,86.1372,61.1485,-660.632,106.491,61.1485,-661.425,106.599,61.1485,-664.2,61.6371,-28.5066,-661.425,81.991,-28.5066,-660.632,81.8829,-28.5066,-663.407,61.529,-28.5066,-664.2,61.637,61.1485,-663.407,61.5289,61.1485,-660.632,81.8828,61.1485,-661.425,81.9909,61.1485,-664.2,37.2491,-28.5066,-661.425,57.603,-28.5066,-660.632,57.4949,-28.5066,-663.407,37.141,-28.5066,-664.2,37.249,61.1485,-663.407,37.1409,61.1485,-660.632,57.4948,61.1485,-661.425,57.6029,61.1485,-664.2,12.1719,-28.5066,-661.425,32.5258,-28.5066,-660.632,32.4177,-28.5066,-663.407,12.0638,-28.5066,-664.2,12.1719,61.1485,-663.407,12.0638,61.1485,-660.632,32.4177,61.1485,-661.425,32.5257,61.1485],
    "metadata": {
        "normals": 45,
        "generator": "io_three",
        "faces": 64,
        "version": 3,
        "vertices": 80,
        "uvs": 0,
        "type": "Geometry"
    },
    "uvs": []
}