{
    "normals": [-0.650533,-0.494278,-0.576586,-0.493576,0.649709,-0.578112,0.650594,0.494247,-0.576556,0.493637,-0.649678,-0.578112,-0.650533,-0.494278,0.576586,0.493637,-0.649678,0.578112,0.650563,0.494217,0.576617,-0.493576,0.649739,0.578082,-0.493545,0.649709,-0.578112,-0.650563,-0.494247,-0.576586,-0.493576,0.649678,-0.578112,0.650563,0.494247,-0.576556,0.493606,-0.649678,-0.578112,-0.650563,-0.494247,0.576586,0.493606,-0.649678,0.578112,0.650533,0.494247,0.576586,-0.493606,0.649709,0.578082,-0.650533,-0.494278,-0.576556,-0.493606,0.649739,-0.578082,0.650563,0.494217,-0.576617,-0.650533,-0.494278,0.576556,0.650594,0.494247,0.576556,-0.493576,0.649678,0.578143,-0.650594,-0.494186,-0.576586,-0.493637,0.649678,-0.578112,0.650533,0.494278,-0.576586,0.493545,-0.649739,-0.578082,-0.650594,-0.494186,0.576586,0.493545,-0.649739,0.578082,0.650533,0.494278,0.576586,-0.493637,0.649678,0.578112,0.577319,-0.577349,-0.577319,0.577319,-0.577349,0.577319,-0.577349,-0.577349,0.577349,-0.577349,-0.577349,-0.577349,0.577319,0.577349,0.577319,-0.577349,0.577349,0.577349,0.577319,0.577349,-0.577319,-0.577349,0.577349,-0.577349,0.904508,-0.301492,0.301492,0.904508,0.301492,0.301492,0.904508,-0.301492,-0.301492,0.904508,0.301492,-0.301492,-0.904508,0.301492,-0.301492,-0.904508,0.301492,0.301492,-0.904508,-0.301492,-0.301492,-0.904508,-0.301492,0.301492,-0.493606,0.649678,-0.578112,0.650533,0.494278,-0.576556,-0.493606,0.649678,0.578112,-0.650594,-0.494217,-0.576586,-0.493606,0.649709,-0.578112,0.650563,0.494247,-0.576586,0.493576,-0.649739,-0.578112,-0.650594,-0.494217,0.576586,0.493576,-0.649739,0.578112,0.650563,0.494247,0.576586],
    "name": "Box373Geometry",
    "vertices": [-663.456,446.129,-142.767,-661.884,457.056,-142.767,-661.434,456.998,-142.767,-663.007,446.071,-142.767,-663.456,446.129,-76.1984,-663.007,446.071,-76.1984,-661.434,456.998,-76.1984,-661.884,457.056,-76.1984,-663.456,420.35,-142.767,-661.884,431.277,-142.767,-661.434,431.219,-142.767,-663.007,420.292,-142.767,-663.456,420.35,-76.1984,-663.007,420.292,-76.1984,-661.434,431.219,-76.1984,-661.884,431.277,-76.1984,-663.456,484.797,-142.767,-661.884,495.725,-142.767,-661.434,495.667,-142.767,-663.007,484.739,-142.767,-663.456,484.797,-76.1984,-663.007,484.739,-76.1984,-661.434,495.666,-76.1984,-661.884,495.724,-76.1984,-663.456,471.908,-142.767,-661.884,482.835,-142.767,-661.434,482.777,-142.767,-663.007,471.85,-142.767,-663.456,471.908,-76.1984,-663.007,471.85,-76.1984,-661.434,482.777,-76.1984,-661.884,482.835,-76.1984,-663.456,459.019,-142.767,-661.884,469.946,-142.767,-661.434,469.888,-142.767,-663.007,458.96,-142.767,-663.456,459.018,-76.1984,-663.007,458.96,-76.1984,-661.434,469.888,-76.1984,-661.884,469.946,-76.1984,-661.585,387.709,-146.406,-661.585,387.708,-73.9912,-663.765,387.708,-73.9912,-663.765,387.709,-146.406,-661.585,500.541,-73.9911,-663.765,500.541,-73.9911,-661.585,500.541,-146.406,-663.765,500.541,-146.406,-661.585,497.094,-142.767,-661.585,391.156,-142.767,-661.585,497.094,-77.6305,-661.585,391.156,-77.6306,-663.765,391.156,-77.6306,-663.765,391.156,-142.767,-663.765,497.094,-77.6305,-663.765,497.094,-142.767,-663.456,407.461,-142.767,-661.884,418.388,-142.767,-661.434,418.33,-142.767,-663.007,407.403,-142.767,-663.456,407.461,-76.1985,-663.007,407.403,-76.1985,-661.434,418.33,-76.1984,-661.884,418.388,-76.1984,-663.456,394.571,-142.767,-661.884,405.498,-142.767,-661.434,405.44,-142.767,-663.007,394.513,-142.767,-663.456,394.571,-76.1985,-663.007,394.513,-76.1985,-661.434,405.44,-76.1985,-661.884,405.498,-76.1985,-663.456,433.24,-142.767,-661.884,444.167,-142.767,-661.434,444.109,-142.767,-663.007,433.182,-142.767,-663.456,433.24,-76.1984,-663.007,433.181,-76.1984,-661.434,444.109,-76.1984,-661.884,444.167,-76.1984],
    "faces": [33,0,1,2,3,0,1,2,3,33,4,5,6,7,4,5,6,7,33,0,3,5,4,0,3,5,4,33,3,2,6,5,3,2,6,5,33,2,1,7,6,2,1,7,6,33,1,0,4,7,1,0,4,7,33,8,9,10,11,0,8,2,3,33,12,13,14,15,4,5,6,7,33,8,11,13,12,0,3,5,4,33,11,10,14,13,3,2,6,5,33,10,9,15,14,2,8,7,6,33,9,8,12,15,8,0,4,7,33,16,17,18,19,9,10,11,12,33,20,21,22,23,13,14,15,16,33,16,19,21,20,9,12,14,13,33,19,18,22,21,12,11,15,14,33,18,17,23,22,11,10,16,15,33,17,16,20,23,10,9,13,16,33,24,25,26,27,17,18,19,3,33,28,29,30,31,20,5,21,22,33,24,27,29,28,17,3,5,20,33,27,26,30,29,3,19,21,5,33,26,25,31,30,19,18,22,21,33,25,24,28,31,18,17,20,22,33,32,33,34,35,23,24,25,26,33,36,37,38,39,27,28,29,30,33,32,35,37,36,23,26,28,27,33,35,34,38,37,26,25,29,28,33,34,33,39,38,25,24,30,29,33,33,32,36,39,24,23,27,30,33,40,41,42,43,31,32,33,34,33,41,44,45,42,32,35,36,33,33,44,46,47,45,35,37,38,36,33,46,40,43,47,37,31,34,38,33,40,46,48,49,31,37,39,40,33,46,44,50,48,37,35,41,39,33,44,41,51,50,35,32,42,41,33,41,40,49,51,32,31,40,42,33,43,42,52,53,34,33,43,44,33,42,45,54,52,33,36,45,43,33,45,47,55,54,36,38,46,45,33,47,43,53,55,38,34,44,46,33,53,52,51,49,44,43,42,40,33,54,55,48,50,45,46,39,41,33,55,53,49,48,46,44,40,39,33,52,54,50,51,43,45,41,42,33,56,57,58,59,17,47,48,3,33,60,61,62,63,20,5,29,49,33,56,59,61,60,17,3,5,20,33,59,58,62,61,3,48,29,5,33,58,57,63,62,48,47,49,29,33,57,56,60,63,47,17,20,49,33,64,65,66,67,50,51,52,53,33,68,69,70,71,54,55,56,49,33,64,67,69,68,50,53,55,54,33,67,66,70,69,53,52,56,55,33,66,65,71,70,52,51,49,56,33,65,64,68,71,51,50,54,49,33,72,73,74,75,23,47,48,26,33,76,77,78,79,27,28,29,49,33,72,75,77,76,23,26,28,27,33,75,74,78,77,26,48,29,28,33,74,73,79,78,48,47,49,29,33,73,72,76,79,47,23,27,49],
    "uvs": [],
    "metadata": {
        "normals": 57,
        "version": 3,
        "vertices": 80,
        "uvs": 0,
        "faces": 64,
        "type": "Geometry",
        "generator": "io_three"
    }
}