{
    "normals": [-0.577349,-0.577349,-0.577349,-0.577349,0.577349,-0.577349,0.577349,0.577349,-0.577349,0.577349,-0.577349,-0.577349,-0.577349,-0.577349,0.577349,0.577349,-0.577349,0.577349,0.577349,0.577349,0.577349,-0.577349,0.577349,0.577349],
    "name": "Object048Geometry",
    "vertices": [-631.239,294.09,439.22,-631.239,362.59,439.22,-321.022,362.59,439.22,-321.022,294.09,439.22,-631.239,294.09,441.22,-321.022,294.09,441.22,-321.022,362.59,441.22,-631.239,362.59,441.22,-304.537,294.09,439.22,-304.537,362.59,439.22,45.2335,362.59,439.22,45.2335,294.09,439.22,-304.537,294.09,441.22,45.2335,294.09,441.22,45.2335,362.59,441.22,-304.537,362.59,441.22,61.4566,294.09,439.22,61.4566,362.59,439.22,446.205,362.59,439.22,446.205,294.09,439.22,61.4566,294.09,441.22,446.205,294.09,441.22,446.205,362.59,441.22,61.4566,362.59,441.22,461.135,294.09,439.22,461.135,362.59,439.22,837.844,362.59,439.22,837.844,294.09,439.22,461.135,294.09,441.22,837.844,294.09,441.22,837.844,362.59,441.22,461.135,362.59,441.22,844.864,294.09,299.219,844.864,362.59,299.219,844.864,362.59,430.584,844.864,294.09,430.584,842.864,294.09,299.219,842.864,294.09,430.584,842.864,362.59,430.584,842.864,362.59,299.219,844.864,294.09,131.59,844.864,362.59,131.59,844.864,362.59,282.59,844.864,294.09,282.59,842.864,294.09,131.59,842.864,294.09,282.59,842.864,362.59,282.59,842.864,362.59,131.59,844.864,294.091,-23.8824,844.864,362.591,-23.8824,844.864,362.591,116.86,844.864,294.091,116.86,842.864,294.091,-23.8824,842.864,294.091,116.86,842.864,362.591,116.86,842.864,362.591,-23.8824,839.175,294.091,-28.9177,839.175,362.591,-28.9178,696.587,362.591,-28.9178,696.587,294.091,-28.9178,839.175,294.091,-30.9177,696.587,294.091,-30.9178,696.587,362.591,-30.9178,839.175,362.591,-30.9178],
    "faces": [33,0,1,2,3,0,1,2,3,33,4,5,6,7,4,5,6,7,33,0,3,5,4,0,3,5,4,33,3,2,6,5,3,2,6,5,33,2,1,7,6,2,1,7,6,33,1,0,4,7,1,0,4,7,33,8,9,10,11,0,1,2,3,33,12,13,14,15,4,5,6,7,33,8,11,13,12,0,3,5,4,33,11,10,14,13,3,2,6,5,33,10,9,15,14,2,1,7,6,33,9,8,12,15,1,0,4,7,33,16,17,18,19,0,1,2,3,33,20,21,22,23,4,5,6,7,33,16,19,21,20,0,3,5,4,33,19,18,22,21,3,2,6,5,33,18,17,23,22,2,1,7,6,33,17,16,20,23,1,0,4,7,33,24,25,26,27,0,1,2,3,33,28,29,30,31,4,5,6,7,33,24,27,29,28,0,3,5,4,33,27,26,30,29,3,2,6,5,33,26,25,31,30,2,1,7,6,33,25,24,28,31,1,0,4,7,33,32,33,34,35,3,2,6,5,33,36,37,38,39,0,4,7,1,33,32,35,37,36,3,5,4,0,33,35,34,38,37,5,6,7,4,33,34,33,39,38,6,2,1,7,33,33,32,36,39,2,3,0,1,33,40,41,42,43,3,2,6,5,33,44,45,46,47,0,4,7,1,33,40,43,45,44,3,5,4,0,33,43,42,46,45,5,6,7,4,33,42,41,47,46,6,2,1,7,33,41,40,44,47,2,3,0,1,33,48,49,50,51,3,2,6,5,33,52,53,54,55,0,4,7,1,33,48,51,53,52,3,5,4,0,33,51,50,54,53,5,6,7,4,33,50,49,55,54,6,2,1,7,33,49,48,52,55,2,3,0,1,33,56,57,58,59,5,6,7,4,33,60,61,62,63,3,0,1,2,33,56,59,61,60,5,4,0,3,33,59,58,62,61,4,7,1,0,33,58,57,63,62,7,6,2,1,33,57,56,60,63,6,5,3,2],
    "uvs": [],
    "metadata": {
        "normals": 8,
        "version": 3,
        "vertices": 64,
        "uvs": 0,
        "faces": 48,
        "type": "Geometry",
        "generator": "io_three"
    }
}