{
    "metadata": {
        "version": 3,
        "faces": 6,
        "vertices": 8,
        "uvs": 0,
        "normals": 8,
        "type": "Geometry",
        "generator": "io_three"
    },
    "faces": [33,0,1,2,3,0,1,2,3,33,1,4,5,2,1,4,5,2,33,4,6,7,5,4,6,7,5,33,6,0,3,7,6,0,3,7,33,1,0,6,4,1,0,6,4,33,2,5,7,3,2,5,7,3],
    "vertices": [-641.123,-4.32336,487.532,-641.123,383.177,487.532,-661.123,383.177,487.507,-661.123,-4.32336,487.507,-640.934,383.177,336.404,-660.934,383.177,336.379,-640.934,-4.32334,336.404,-660.934,-4.32334,336.379],
    "uvs": [],
    "normals": [0.576617,-0.577349,0.578051,0.576617,0.577349,0.578051,-0.578051,0.577349,0.576617,-0.578051,-0.577349,0.576617,0.578051,0.577349,-0.576617,-0.576617,0.577349,-0.578051,0.578051,-0.577349,-0.576617,-0.576617,-0.577349,-0.578051],
    "name": "Wall029Geometry"
}