{
    "normals": [-0.650594,-0.494247,-0.576556,-0.493606,0.649678,-0.578112,0.650533,0.494278,-0.576586,0.493576,-0.649709,-0.578143,-0.650533,-0.494217,0.576617,0.493606,-0.649739,0.578082,0.650563,0.494278,0.576556,-0.493606,0.649678,0.578112,-0.650533,-0.494278,-0.576556,0.493606,-0.649678,-0.578112,-0.650533,-0.494278,0.576586,0.493606,-0.649678,0.578112,-0.650563,-0.494217,-0.576586,0.493606,-0.649709,-0.578082,-0.650563,-0.494247,0.576556,0.493576,-0.649678,0.578112,-0.493576,0.649709,-0.578112,0.650594,0.494247,-0.576556,0.493637,-0.649678,0.578112,0.650563,0.494217,0.576586,-0.493576,0.649739,0.578082,-0.650533,-0.494278,-0.576586,0.650563,0.494247,-0.576556,-0.493606,0.649739,-0.578082,0.650563,0.494217,-0.576617,0.650594,0.494247,0.576556,-0.493576,0.649709,0.578143,0.577349,-0.577349,-0.577349,0.577349,-0.577319,0.577319,-0.577319,-0.577349,0.577349,-0.577349,-0.577319,-0.577349,0.577349,0.577349,0.577319,-0.577319,0.577319,0.577349,0.577349,0.577319,-0.577349,-0.577349,0.577349,-0.577349,0.904508,-0.301492,0.301492,0.904508,0.301492,0.301492,0.904508,-0.301492,-0.301492,0.904508,0.301492,-0.301492,-0.904508,0.301492,-0.301492,-0.904508,0.301492,0.301492,-0.904508,-0.301492,-0.301492,-0.904508,-0.301492,0.301492],
    "name": "Box391Geometry",
    "vertices": [688.453,195.855,-312.751,690.183,207.875,-312.751,690.632,207.817,-312.751,688.902,195.797,-312.751,688.453,195.855,-220.221,688.902,195.797,-220.221,690.632,207.817,-220.221,690.183,207.875,-220.221,688.453,180.937,-312.751,690.183,192.957,-312.751,690.632,192.899,-312.751,688.902,180.879,-312.751,688.453,180.937,-220.221,688.902,180.879,-220.221,690.632,192.899,-220.221,690.183,192.957,-220.221,688.453,166.056,-312.751,690.183,178.076,-312.751,690.632,178.018,-312.751,688.902,165.998,-312.751,688.453,166.056,-220.221,688.902,165.998,-220.221,690.632,178.018,-220.221,690.183,178.076,-220.221,688.453,135.327,-312.751,690.183,147.347,-312.751,690.632,147.289,-312.751,688.902,135.269,-312.751,688.453,135.327,-220.221,688.902,135.269,-220.221,690.632,147.289,-220.221,690.183,147.347,-220.221,688.453,119.954,-312.751,690.183,131.974,-312.751,690.632,131.916,-312.751,688.902,119.896,-312.751,688.453,119.954,-220.221,688.902,119.896,-220.221,690.632,131.916,-220.221,690.183,131.974,-220.221,688.453,104.581,-312.751,690.183,116.601,-312.751,690.632,116.543,-312.751,688.902,104.523,-312.751,688.453,104.581,-220.221,688.902,104.523,-220.221,690.632,116.543,-220.221,690.183,116.601,-220.221,688.453,150.446,-312.751,690.183,162.466,-312.751,690.632,162.408,-312.751,688.902,150.388,-312.751,688.453,150.446,-220.221,688.902,150.388,-220.221,690.632,162.408,-220.221,690.183,162.466,-220.221,690.403,99.3126,-316.391,690.403,99.3126,-216.391,688.223,99.3126,-216.391,688.223,99.3126,-316.391,690.403,212.145,-216.391,688.223,212.145,-216.391,690.403,212.145,-316.391,688.223,212.145,-316.391,690.403,208.698,-312.751,690.403,102.76,-312.751,690.403,208.698,-220.031,690.403,102.76,-220.031,688.223,102.76,-220.031,688.223,102.76,-312.751,688.223,208.698,-220.031,688.223,208.698,-312.751],
    "faces": [33,0,1,2,3,0,1,2,3,33,4,5,6,7,4,5,6,7,33,0,3,5,4,0,3,5,4,33,3,2,6,5,3,2,6,5,33,2,1,7,6,2,1,7,6,33,1,0,4,7,1,0,4,7,33,8,9,10,11,8,1,2,9,33,12,13,14,15,10,11,6,7,33,8,11,13,12,8,9,11,10,33,11,10,14,13,9,2,6,11,33,10,9,15,14,2,1,7,6,33,9,8,12,15,1,8,10,7,33,16,17,18,19,12,1,2,13,33,20,21,22,23,14,15,6,7,33,16,19,21,20,12,13,15,14,33,19,18,22,21,13,2,6,15,33,18,17,23,22,2,1,7,6,33,17,16,20,23,1,12,14,7,33,24,25,26,27,8,16,17,9,33,28,29,30,31,10,18,19,20,33,24,27,29,28,8,9,18,10,33,27,26,30,29,9,17,19,18,33,26,25,31,30,17,16,20,19,33,25,24,28,31,16,8,10,20,33,32,33,34,35,21,16,22,9,33,36,37,38,39,10,18,19,20,33,32,35,37,36,21,9,18,10,33,35,34,38,37,9,22,19,18,33,34,33,39,38,22,16,20,19,33,33,32,36,39,16,21,10,20,33,40,41,42,43,21,23,24,9,33,44,45,46,47,10,18,25,26,33,40,43,45,44,21,9,18,10,33,43,42,46,45,9,24,25,18,33,42,41,47,46,24,23,26,25,33,41,40,44,47,23,21,10,26,33,48,49,50,51,12,1,2,13,33,52,53,54,55,14,15,6,7,33,48,51,53,52,12,13,15,14,33,51,50,54,53,13,2,6,15,33,50,49,55,54,2,1,7,6,33,49,48,52,55,1,12,14,7,33,56,57,58,59,27,28,29,30,33,57,60,61,58,28,31,32,29,33,60,62,63,61,31,33,34,32,33,62,56,59,63,33,27,30,34,33,56,62,64,65,27,33,35,36,33,62,60,66,64,33,31,37,35,33,60,57,67,66,31,28,38,37,33,57,56,65,67,28,27,36,38,33,59,58,68,69,30,29,39,40,33,58,61,70,68,29,32,41,39,33,61,63,71,70,32,34,42,41,33,63,59,69,71,34,30,40,42,33,69,68,67,65,40,39,38,36,33,70,71,64,66,41,42,35,37,33,71,69,65,64,42,40,36,35,33,68,70,66,67,39,41,37,38],
    "uvs": [],
    "metadata": {
        "normals": 43,
        "version": 3,
        "vertices": 72,
        "uvs": 0,
        "faces": 58,
        "type": "Geometry",
        "generator": "io_three"
    }
}