{
    "metadata": {
        "version": 3,
        "faces": 10,
        "vertices": 12,
        "uvs": 0,
        "normals": 12,
        "type": "Geometry",
        "generator": "io_three"
    },
    "faces": [33,0,1,2,3,0,1,2,3,33,4,0,3,5,4,0,3,5,33,6,4,5,7,6,4,5,7,33,8,6,7,9,8,6,7,9,33,10,8,9,11,10,8,9,11,33,1,10,11,2,1,10,11,2,33,5,3,2,7,5,3,2,7,33,9,7,2,11,9,7,2,11,33,8,10,1,6,8,10,1,6,33,1,0,4,6,1,0,4,6],
    "vertices": [-657.785,285.595,336.961,689.108,285.595,336.776,689.108,272.957,336.776,-657.785,272.957,336.961,-657.805,285.595,442.384,-657.805,272.957,442.384,854.2,285.595,442.515,854.2,272.957,442.515,854.196,285.595,-47.503,854.196,272.957,-47.503,688.918,285.595,-47.4917,688.918,272.957,-47.4917],
    "uvs": [],
    "normals": [-0.577319,0.577349,-0.577349,-0.301523,0.904569,-0.30134,-0.301523,-0.904569,-0.30134,-0.577319,-0.577349,-0.577349,-0.57741,0.577319,0.577258,-0.57741,-0.577319,0.577258,0.577319,0.577319,0.577349,0.577319,-0.577319,0.577349,0.577319,0.577319,-0.577349,0.577319,-0.577319,-0.577349,-0.577502,0.577319,-0.577197,-0.577502,-0.577319,-0.577197],
    "name": "Line121Geometry"
}