{
    "normals": [-0.577349,-0.577349,-0.577349,-0.577349,0.577349,-0.577349,0.577349,0.577349,-0.577349,0.577349,-0.577349,-0.577349,0.577349,-0.577349,0.577349,0.577349,0.577349,0.577349,-0.577349,0.577349,0.577349,-0.577349,-0.577349,0.577349,0.904508,-0.301492,0.301492,-0.904508,-0.301492,0.301492,-0.904508,0.301492,0.301492,0.904508,0.301492,0.301492,-0.904508,0.301492,-0.301492,0.904508,0.301492,-0.301492,-0.904508,-0.301492,-0.301492,0.904508,-0.301492,-0.301492,0.577349,0.577319,0.577349,-0.577349,0.577319,0.577349],
    "name": "Box921Geometry",
    "faces": [33,0,1,2,3,0,1,2,3,33,4,5,6,7,4,5,6,7,33,8,4,7,9,8,4,7,9,33,10,6,5,11,10,6,5,11,33,12,13,14,15,3,4,7,0,33,11,16,17,10,11,5,6,10,33,18,19,17,16,2,1,6,5,33,20,19,18,21,12,1,2,13,33,22,23,24,25,13,12,14,15,33,26,8,9,27,11,8,9,10,33,28,29,30,31,8,4,7,9,33,32,33,30,29,5,6,7,4,33,33,32,26,27,6,5,11,10,33,34,35,36,37,0,1,2,3,33,38,12,15,39,15,3,0,14,33,40,14,13,41,9,7,4,8,33,42,43,44,45,12,14,15,13,33,46,28,31,47,11,8,9,10,33,48,49,50,51,2,3,0,1,33,47,52,53,46,10,6,5,11,33,54,55,40,41,4,7,9,8,33,55,54,53,52,7,4,5,6,33,56,57,38,39,9,8,15,14,33,58,42,45,59,10,12,13,11,33,60,61,44,43,9,8,15,14,33,62,23,22,63,10,12,13,11,33,64,65,25,24,9,8,15,14,33,66,20,21,67,10,12,13,11,33,68,69,70,71,15,13,12,14,33,64,62,63,65,9,10,11,8,33,72,73,74,75,12,1,2,13,33,67,76,77,66,11,5,6,10,33,77,76,74,73,6,5,2,1,33,78,79,80,81,15,13,12,14,33,58,59,61,60,10,11,8,9,33,82,83,84,85,15,3,0,14,33,56,86,87,57,9,7,4,8,33,83,87,86,84,3,4,7,0,33,28,26,32,29,8,11,5,4,33,31,30,33,27,9,7,6,10,33,88,68,71,89,8,15,14,9,33,72,75,90,91,12,13,11,10,33,70,69,92,93,12,13,11,10,33,94,95,78,81,9,8,15,14,33,80,79,96,97,12,13,11,10,33,98,99,82,85,9,8,15,14,33,0,3,100,101,0,3,15,14,33,102,2,1,103,13,2,1,12,33,104,36,35,105,13,2,1,12,33,106,107,34,37,15,14,0,3,33,108,48,51,109,13,2,1,12,33,110,111,50,49,15,14,0,3,33,90,112,113,91,11,16,17,10,33,114,113,112,115,1,17,16,2,33,103,114,115,102,12,1,2,13,33,92,88,89,93,11,8,9,10,33,105,101,100,104,12,14,15,13,33,98,116,117,99,9,7,4,8,33,110,118,119,111,15,3,0,14,33,118,117,116,119,3,4,7,0,33,97,96,95,94,10,11,8,9,33,106,108,109,107,15,13,12,14,33,69,68,65,63,13,15,8,11,33,61,59,79,78,8,11,13,15,33,45,44,28,46,13,15,8,11,33,83,82,57,87,3,15,8,4,33,12,38,41,13,3,15,8,4,33,118,110,99,117,3,15,8,4,33,76,67,75,74,5,11,13,2,33,16,11,21,18,5,11,13,2,33,112,90,102,115,16,11,13,2,33,69,78,95,92,13,15,8,11,33,63,61,78,69,11,8,15,13,33,22,44,61,63,13,15,8,11,33,22,26,28,44,13,11,8,15,33,104,106,37,36,13,15,3,2,33,102,100,3,2,13,15,3,2,33,90,88,100,102,11,8,15,13,33,108,110,49,48,13,15,3,2,33,108,96,99,110,13,11,8,15,33,41,46,53,54,8,11,5,4,33,38,45,46,41,15,13,11,8,33,57,59,45,38,8,11,13,15,33,82,79,59,57,15,13,11,8,33,99,96,79,82,8,11,13,15,33,108,106,95,96,13,15,8,11,33,106,104,92,95,15,13,11,8,33,104,100,88,92,13,15,8,11,33,75,68,88,90,13,15,8,11,33,67,65,68,75,11,8,15,13,33,21,25,65,67,13,15,8,11,33,11,8,25,21,11,8,15,13,33,8,11,5,4,8,11,5,4,33,8,26,22,25,8,11,13,15,33,23,27,9,24,12,10,9,14,33,70,62,64,71,12,10,9,14,33,42,47,31,43,12,10,9,14,33,80,58,60,81,12,10,9,14,33,56,85,84,86,9,14,0,7,33,40,39,15,14,9,14,0,7,33,98,111,119,116,9,14,0,7,33,20,10,17,19,12,10,6,1,33,72,66,77,73,12,10,6,1,33,103,91,113,114,12,10,17,1,33,34,107,105,35,0,14,12,1,33,0,101,103,1,0,14,12,1,33,101,89,91,103,14,9,10,12,33,50,111,109,51,0,14,12,1,33,98,97,109,111,9,10,12,14,33,52,47,40,55,6,10,9,7,33,47,42,39,40,10,12,14,9,33,42,58,56,39,12,10,9,14,33,58,80,85,56,10,12,14,9,33,80,97,98,85,12,10,9,14,33,94,107,109,97,9,14,12,10,33,94,93,105,107,9,10,12,14,33,6,10,9,7,6,10,9,7,33,10,20,24,9,10,12,14,9,33,20,66,64,24,12,10,9,14,33,66,72,71,64,10,12,14,9,33,72,91,89,71,12,10,9,14,33,105,93,89,101,12,10,9,14,33,94,81,70,93,9,14,12,10,33,81,60,62,70,14,9,10,12,33,60,43,23,62,9,14,12,10,33,43,31,27,23,14,9,10,12],
    "vertices": [977.483,113.734,1017.93,977.483,117.617,1017.93,1014.29,117.617,1017.93,1014.29,113.734,1017.93,1014.29,113.734,1303.97,1014.29,117.617,1303.97,977.483,117.617,1303.97,977.483,113.734,1303.97,1014.29,113.734,1225.55,977.483,113.734,1225.55,977.483,117.617,1225.55,1014.29,117.617,1225.55,1014.29,-0.000146,1221.67,1014.29,-0.000146,1225.55,977.483,-0.000146,1225.55,977.483,-0.000146,1221.67,1014.29,158.91,1225.55,977.483,158.91,1225.55,1014.29,158.91,1221.67,977.483,158.91,1221.67,977.483,117.617,1221.67,1014.29,117.617,1221.67,1014.29,79.9614,1221.67,977.483,79.9614,1221.67,977.483,113.734,1221.67,1014.29,113.734,1221.67,1014.29,79.9614,1225.55,977.483,79.9614,1225.55,1014.29,76.079,1225.55,1014.29,76.0789,1303.97,977.483,76.0789,1303.97,977.483,76.079,1225.55,1014.29,79.9613,1303.97,977.483,79.9613,1303.97,977.483,76.079,1017.93,977.483,79.9614,1017.93,1014.29,79.9614,1017.93,1014.29,76.079,1017.93,1014.29,38.4236,1221.67,977.483,38.4236,1221.67,977.483,38.4236,1225.55,1014.29,38.4236,1225.55,977.483,42.306,1221.67,977.483,76.079,1221.67,1014.29,76.079,1221.67,1014.29,42.306,1221.67,1014.29,42.306,1225.55,977.483,42.306,1225.55,1014.29,42.306,1017.93,1014.29,38.4236,1017.93,977.483,38.4236,1017.93,977.483,42.306,1017.93,977.483,42.3059,1303.97,1014.29,42.3059,1303.97,1014.29,38.4235,1303.97,977.483,38.4235,1303.97,977.483,38.4236,1158.38,1014.29,38.4236,1158.38,977.483,42.306,1158.38,1014.29,42.306,1158.38,977.483,76.079,1158.38,1014.29,76.079,1158.38,977.483,79.9614,1158.38,1014.29,79.9614,1158.38,977.483,113.734,1158.38,1014.29,113.734,1158.38,977.483,117.617,1158.38,1014.29,117.617,1158.38,1014.29,113.734,1154.5,1014.29,79.9614,1154.5,977.483,79.9614,1154.5,977.483,113.734,1154.5,977.483,117.617,1154.5,977.483,158.91,1154.5,1014.29,158.91,1154.5,1014.29,117.617,1154.5,1014.29,158.91,1158.38,977.483,158.91,1158.38,1014.29,76.079,1154.5,1014.29,42.306,1154.5,977.483,42.306,1154.5,977.483,76.079,1154.5,1014.29,38.4236,1154.5,1014.29,-0.000138,1154.5,977.483,-0.000138,1154.5,977.483,38.4236,1154.5,977.483,-0.000138,1158.38,1014.29,-0.000138,1158.38,1014.29,113.734,1091.22,977.483,113.734,1091.22,1014.29,117.617,1091.22,977.483,117.617,1091.22,1014.29,79.9614,1091.22,977.483,79.9614,1091.22,977.483,76.079,1091.22,1014.29,76.079,1091.22,1014.29,42.306,1091.22,977.483,42.306,1091.22,977.483,38.4236,1091.22,1014.29,38.4236,1091.22,1014.29,113.734,1087.33,977.483,113.734,1087.33,1014.29,117.617,1087.33,977.483,117.617,1087.33,1014.29,79.9614,1087.33,977.483,79.9614,1087.33,1014.29,76.079,1087.33,977.483,76.079,1087.33,1014.29,42.306,1087.33,977.483,42.306,1087.33,1014.29,38.4236,1087.33,977.483,38.4236,1087.33,1014.29,158.91,1091.22,977.483,158.91,1091.22,977.483,158.91,1087.33,1014.29,158.91,1087.33,977.483,-0.00013,1091.22,1014.29,-0.00013,1091.22,1014.29,-0.00013,1087.33,977.483,-0.00013,1087.33],
    "metadata": {
        "normals": 18,
        "generator": "io_three",
        "faces": 126,
        "version": 3,
        "vertices": 120,
        "uvs": 0,
        "type": "Geometry"
    },
    "uvs": []
}