{
    "uvs": [],
    "faces": [33,0,1,2,3,0,1,2,3,33,4,5,6,7,4,5,6,7,33,0,3,5,4,0,3,5,4,33,3,2,6,5,3,2,6,5,33,2,1,7,6,2,1,7,6,33,1,0,4,7,1,0,4,7],
    "name": "Box415Geometry",
    "vertices": [503.756,662.445,406.996,503.756,659.839,405.769,648.756,659.839,405.769,648.756,662.445,406.995,503.756,675.652,378.949,648.756,675.652,378.949,648.756,673.046,377.723,503.756,673.046,377.723],
    "metadata": {
        "generator": "io_three",
        "uvs": 0,
        "faces": 6,
        "type": "Geometry",
        "vertices": 8,
        "version": 3,
        "normals": 8
    },
    "normals": [-0.577319,0.276345,0.768303,-0.577349,-0.768273,0.276345,0.577319,-0.768303,0.276345,0.577349,0.276345,0.768273,-0.577349,0.768273,-0.276345,0.577319,0.768273,-0.276345,0.577349,-0.276345,-0.768273,-0.577319,-0.276345,-0.768273]
}