{
    "normals": [0.277993,-0.947203,0.159703,0.617054,-0.767235,-0.174749,0.701804,0.279244,-0.655324,0.615986,0.44084,-0.652791,-0.520035,-0.767327,-0.375134,-0.435316,0.279244,-0.855831,-0.701804,-0.279244,0.655324,-0.617054,0.767235,0.174749,0.435316,-0.279244,0.855831,0.520066,0.767235,0.375256,0.183081,-0.692343,0.697928,0.315836,0.947203,-0.054964,-0.410749,-0.692343,0.593219,-0.277993,0.947203,-0.159703,0.435347,-0.279244,0.855831,-0.520066,-0.767235,-0.375256,-0.435347,0.279244,-0.855831,0.315836,0.947203,-0.054994,0.580981,-0.803003,-0.132572,0.410749,0.692343,-0.593219,0.277963,-0.947203,0.159703,0.410718,0.692343,-0.593219,0.183111,-0.692343,0.697928,0.599933,-0.784967,-0.154454,0.603473,-0.781396,-0.158635,0.410749,0.692343,-0.593188,0.605853,-0.779015,-0.161382,0.607501,-0.777306,-0.163335,0.18305,-0.692343,0.697928,0.315897,0.947172,-0.054964,0.608753,-0.776025,-0.1648,0.410779,0.692343,-0.593188,0.315806,0.947203,-0.054994,0.609668,-0.775048,-0.165929,0.410688,0.692373,-0.593219,0.315897,0.947172,-0.054994,0.183203,-0.692343,0.697897,0.278085,-0.947172,0.159703],
    "name": "Rectangle009Geometry",
    "faces": [33,0,1,2,3,0,1,2,3,33,1,4,5,2,1,4,5,2,33,4,6,7,5,4,6,7,5,33,6,8,9,7,6,8,9,7,33,8,10,11,9,8,10,11,9,33,10,12,13,11,10,12,13,11,33,12,14,15,13,12,6,7,13,33,14,16,17,15,6,14,9,7,33,16,18,19,17,14,1,2,9,33,18,20,21,19,1,15,16,2,33,20,22,23,21,15,15,5,16,33,22,0,3,23,15,0,3,5,33,24,25,26,27,10,6,7,17,33,25,28,29,26,6,15,5,7,33,28,30,31,29,15,18,19,5,33,30,24,27,31,18,10,17,19,33,32,33,34,35,10,6,7,17,33,33,36,37,34,6,15,16,7,33,36,38,39,37,15,20,21,16,33,38,32,35,39,20,10,17,21,33,40,41,42,43,22,6,7,17,33,41,44,45,42,6,15,16,7,33,44,46,47,45,15,23,19,16,33,46,40,43,47,23,22,17,19,33,48,49,50,51,10,6,7,17,33,49,52,53,50,6,15,16,7,33,52,54,55,53,15,24,25,16,33,54,48,51,55,24,10,17,25,33,56,57,58,59,10,6,7,17,33,57,60,61,58,6,15,5,7,33,60,62,63,61,15,26,19,5,33,62,56,59,63,26,10,17,19,33,64,65,66,67,10,6,7,17,33,65,68,69,66,6,15,16,7,33,68,70,71,69,15,27,25,16,33,70,64,67,71,27,10,17,25,33,72,73,74,75,28,6,7,29,33,73,76,77,74,6,15,5,7,33,76,78,79,77,15,30,31,5,33,78,72,75,79,30,28,29,31,33,80,81,82,83,22,6,7,32,33,81,84,85,82,6,15,5,7,33,84,86,87,85,15,33,34,5,33,86,80,83,87,33,22,32,34,33,88,89,90,91,10,6,7,35,33,89,92,93,90,6,15,16,7,33,92,94,95,93,15,0,31,16,33,94,88,91,95,0,10,35,31,33,96,97,98,99,36,6,7,32,33,97,100,101,98,6,15,16,7,33,100,102,103,101,15,37,34,16,33,102,96,99,103,37,36,32,34,33,48,4,46,44,10,4,23,15,33,64,4,62,60,10,4,26,15,33,80,4,78,76,22,4,30,15,33,88,4,86,84,10,4,33,15,33,92,97,96,94,15,6,36,0,32,76,81,80,15,6,22,32,60,65,64,15,6,10,33,36,41,40,38,15,6,22,20,33,32,4,30,28,10,4,18,15,33,56,4,54,52,10,4,24,15,33,72,4,70,68,28,4,27,15,32,84,89,88,15,6,10,32,68,73,72,15,6,28,32,52,57,56,15,6,10,32,44,49,48,15,6,10,32,28,33,32,15,6,10,33,0,22,25,24,0,15,6,10,33,12,18,16,14,12,1,14,6,32,12,20,18,12,15,1,33,6,4,10,8,6,4,10,8,33,0,24,4,1,0,10,4,1,32,30,4,24,18,4,10,33,38,40,4,32,20,22,4,10,32,46,4,40,23,4,22,32,54,4,48,24,4,10,32,62,4,56,26,4,10,32,70,4,64,27,4,10,32,78,4,72,30,4,28,32,86,4,80,33,4,22,33,94,96,4,88,0,36,4,10,33,102,10,4,96,37,10,4,36,33,102,100,12,10,37,15,12,10,33,51,50,45,47,17,7,16,19,33,67,66,61,63,17,7,5,19,33,83,82,77,79,32,7,5,31,33,91,90,85,87,35,7,5,34,33,93,95,99,98,16,31,32,7,33,37,39,43,42,16,21,17,7,33,35,34,29,31,17,7,5,19,33,59,58,53,55,17,7,16,25,33,75,74,69,71,29,7,16,25,33,3,5,27,26,3,5,17,7,32,23,3,26,5,3,7,33,13,15,17,19,13,7,9,2,32,13,19,21,13,2,16,33,7,9,11,5,7,9,11,5,32,3,2,5,3,2,5,33,31,27,5,35,19,17,5,17,33,39,35,5,43,21,17,5,17,33,47,43,5,51,19,17,5,17,33,55,51,5,59,25,17,5,17,33,63,59,5,67,19,17,5,17,33,71,67,5,75,25,17,5,29,33,79,75,5,83,31,29,5,32,33,87,83,5,91,34,32,5,35,33,95,91,5,99,31,35,5,32,33,103,99,5,11,34,32,5,11,33,103,11,13,101,34,11,13,16],
    "vertices": [-113.359,8.51078,991.544,-108.444,-4.68661,963.672,-108.004,0.751285,961.175,-112.919,13.9487,989.047,-116.651,-4.68661,962.225,-116.211,0.751286,959.728,-189.958,192.166,1377.96,-189.517,197.604,1375.47,-181.75,192.166,1379.41,-181.31,197.604,1376.91,-177.995,182.083,1358.12,-177.555,187.52,1355.62,-126.46,182.083,1367.2,-126.02,187.52,1364.71,-130.215,192.166,1388.5,-129.775,197.604,1386,-122.008,192.166,1389.95,-121.568,197.604,1387.45,-48.7021,-4.68662,974.206,-48.2618,0.751284,971.709,-56.9093,-4.68662,972.759,-56.4689,0.751284,970.262,-61.8238,8.51078,1000.63,-61.3835,13.9486,998.134,-114.14,10.6075,995.972,-62.6046,10.6075,1005.06,-62.1643,16.0454,1002.56,-113.699,16.0454,993.475,-68.2094,25.6583,1036.85,-67.7691,31.0962,1034.35,-119.744,25.6583,1027.76,-119.304,31.0962,1025.26,-120.525,27.755,1032.19,-68.9902,27.755,1041.27,-68.5499,33.1929,1038.78,-120.085,33.1929,1029.69,-74.5949,42.8058,1073.06,-74.1546,48.2437,1070.56,-126.13,42.8059,1063.97,-125.69,48.2437,1061.48,-126.911,44.9026,1068.4,-75.3757,44.9026,1077.49,-74.9354,50.3404,1074.99,-126.47,50.3404,1065.9,-80.9805,59.9533,1109.27,-80.5402,65.3912,1106.78,-132.516,59.9534,1100.19,-132.075,65.3912,1097.69,-133.296,62.0501,1104.62,-81.7613,62.0501,1113.7,-81.321,67.4879,1111.2,-132.856,67.4879,1102.12,-87.3661,77.1009,1145.49,-86.9257,82.5387,1142.99,-138.901,77.1009,1136.4,-138.461,82.5387,1133.9,-139.682,79.1976,1140.83,-88.1469,79.1976,1149.92,-87.7065,84.6354,1147.42,-139.242,84.6354,1138.33,-93.7516,94.2484,1181.7,-93.3113,99.6862,1179.21,-145.287,94.2484,1172.62,-144.846,99.6863,1170.12,-146.068,96.3451,1177.04,-94.5324,96.3451,1186.13,-94.0921,101.783,1183.63,-145.627,101.783,1174.55,-100.137,111.396,1217.92,-99.6968,116.834,1215.42,-151.672,111.396,1208.83,-151.232,116.834,1206.33,-152.453,113.493,1213.26,-100.918,113.493,1222.34,-100.478,118.93,1219.85,-152.013,118.93,1210.76,-106.523,128.543,1254.13,-106.082,133.981,1251.63,-158.058,128.543,1245.04,-157.617,133.981,1242.55,-158.839,130.64,1249.47,-107.303,130.64,1258.56,-106.863,136.078,1256.06,-158.398,136.078,1246.98,-112.908,145.691,1290.35,-112.468,151.129,1287.85,-164.443,145.691,1281.26,-164.003,151.129,1278.76,-165.224,147.788,1285.69,-113.689,147.788,1294.77,-113.249,153.225,1292.28,-164.784,153.225,1283.19,-119.294,162.838,1326.56,-118.853,168.276,1324.06,-170.829,162.838,1317.47,-170.389,168.276,1314.98,-171.61,164.935,1321.9,-120.075,164.935,1330.99,-119.634,170.373,1328.49,-171.169,170.373,1319.4,-125.679,179.986,1362.77,-125.239,185.424,1360.28,-177.214,179.986,1353.69,-176.774,185.424,1351.19],
    "metadata": {
        "normals": 38,
        "generator": "io_three",
        "faces": 110,
        "version": 3,
        "vertices": 104,
        "uvs": 0,
        "type": "Geometry"
    },
    "uvs": []
}