{
    "metadata": {
        "version": 3,
        "faces": 28,
        "vertices": 37,
        "uvs": 0,
        "normals": 31,
        "type": "Geometry",
        "generator": "io_three"
    },
    "faces": [33,0,1,2,3,0,1,2,3,33,4,5,6,7,4,5,6,7,33,8,4,7,9,8,4,7,9,33,10,8,9,11,10,8,9,11,33,10,11,12,13,10,11,12,13,33,1,0,14,15,1,0,14,15,33,16,17,5,4,16,17,5,4,33,18,16,4,8,18,16,4,8,33,10,19,18,8,10,19,18,8,33,13,20,19,10,13,20,19,10,33,5,17,2,1,5,17,2,1,33,6,5,1,15,6,5,1,15,33,21,22,3,2,21,22,3,2,33,0,3,22,23,0,3,22,23,33,14,0,23,24,14,0,23,24,33,24,25,15,14,24,25,15,14,33,25,26,6,15,25,26,6,15,33,26,27,7,6,26,25,7,6,33,27,28,9,7,25,25,9,7,33,28,29,11,9,25,25,11,9,33,29,30,12,11,25,27,12,11,33,30,31,13,12,27,28,13,12,33,31,32,20,13,28,29,20,13,33,32,33,19,20,29,30,19,20,33,33,34,18,19,30,21,18,19,33,34,35,16,18,21,21,16,18,33,35,36,17,16,21,21,17,16,33,36,21,2,17,21,21,2,17],
    "vertices": [14.1072,660.175,523.095,14.1072,664.77,317.046,-684.616,664.77,317.046,-684.616,660.175,523.095,14.1073,637.902,-47.165,14.1073,659.419,113.671,709.982,659.419,113.671,709.982,637.902,-47.165,14.1073,606.116,-187.909,709.982,606.116,-187.909,14.1073,567.241,-304.362,709.982,567.241,-304.394,709.982,504.92,-459.104,14.1073,504.92,-459.104,709.982,660.175,523.095,709.982,664.77,317.045,-684.616,637.902,-47.1651,-684.616,659.419,113.671,-684.616,606.116,-187.909,-684.616,567.241,-304.329,-684.616,504.92,-459.104,-684.616,654.88,318.523,-684.616,650.285,523.095,14.1072,650.285,523.095,709.982,650.285,523.095,709.982,654.88,318.523,709.982,649.529,115.149,709.982,628.012,-45.6878,709.982,596.225,-186.432,709.982,557.35,-302.917,709.982,495.03,-459.104,14.1073,495.03,-459.104,-684.616,495.03,-459.104,-684.616,557.35,-302.852,-684.616,596.225,-186.432,-684.616,628.012,-45.6878,-684.616,649.529,115.149],
    "uvs": [],
    "normals": [0,0.699179,0.714927,0,0.999969,-0.001984,-0.701651,0.712485,-0.001404,-0.578509,0.570269,0.583148,0,0.984252,-0.176611,0,0.996826,-0.079562,0.695273,0.716422,-0.057161,0.697195,0.705588,-0.126591,0,0.963164,-0.268807,0.696005,0.69158,-0.192969,0,0.938475,-0.345256,0.700308,0.669912,-0.246437,0.600208,0.447615,-0.662862,0,0.559648,-0.8287,0.578509,0.570269,0.583148,0.701651,0.712485,-0.001404,-0.697195,0.705588,-0.126591,-0.695273,0.716422,-0.057161,-0.696005,0.69158,-0.192999,-0.700339,0.669881,-0.246437,-0.600177,0.447645,-0.662831,-1,0,0,-0.701987,0,0.712149,0,0,1,0.701987,0,0.712149,1,0,0,0.999969,0,0,0.604205,0,-0.796808,0,0,-1,-0.604266,0,-0.796777,-0.999969,0,0],
    "name": "ext_toitureGeometry"
}