{
    "normals": [-0.650044,-0.494034,-0.577349,-0.494064,0.650044,-0.577349,0.650044,0.494034,-0.577319,0.494034,-0.650044,-0.577319,-0.650044,-0.494034,0.577349,0.494034,-0.650044,0.577319,0.650044,0.494034,0.577319,-0.494034,0.650044,0.577349,-0.650014,-0.494064,-0.577349,-0.494064,0.650014,-0.577319,0.650014,0.494064,-0.577349,0.494064,-0.650044,-0.577319,-0.650044,-0.494064,0.577319,0.494034,-0.650014,0.577349,0.650044,0.494064,0.577319,-0.494064,0.650014,0.577349,-0.494034,0.650044,-0.577349,0.650044,0.494034,0.577349,-0.494064,0.650044,0.577349,-0.494064,0.650044,-0.577319,0.577349,-0.577349,-0.577349,0.577349,-0.577349,0.577349,-0.577319,-0.577349,0.577319,-0.577319,-0.577349,-0.577319,0.577349,0.577349,0.577349,-0.577349,0.577349,0.577349,0.577349,0.577349,-0.577349,-0.577349,0.577349,-0.577349,0.904508,-0.301492,0.301492,0.904508,0.301492,0.301492,0.904508,-0.301492,-0.301492,0.904508,0.301492,-0.301492,-0.904508,0.301492,-0.301492,-0.904508,0.301492,0.301492,-0.904508,-0.301492,-0.301492,-0.904508,-0.301492,0.301492,0.494064,-0.650014,0.577349,-0.650044,-0.494064,-0.577319,-0.494064,0.650014,-0.577349,0.650044,0.494064,-0.577319,0.494034,-0.650014,-0.577349,-0.650014,-0.494064,0.577349,0.494064,-0.650044,0.577319,0.650014,0.494064,0.577349,-0.494064,0.650044,0.577319,0.650044,0.494034,-0.577349],
    "name": "Box375Geometry",
    "vertices": [686.91,110.25,-28.5066,689.685,130.604,-28.5066,690.478,130.496,-28.5066,687.703,110.142,-28.5066,686.91,110.25,61.1485,687.703,110.142,61.1485,690.478,130.496,61.1485,689.685,130.604,61.1485,686.91,61.6371,-28.5066,689.685,81.991,-28.5066,690.478,81.8829,-28.5066,687.703,61.529,-28.5066,686.91,61.637,61.1485,687.703,61.529,61.1485,690.478,81.8829,61.1485,689.685,81.9909,61.1485,686.91,12.1719,-28.5066,689.685,32.5258,-28.5066,690.478,32.4177,-28.5066,687.703,12.0638,-28.5066,686.91,12.1719,61.1485,687.703,12.0638,61.1485,690.478,32.4177,61.1485,689.685,32.5258,61.1485,686.91,37.2491,-28.5066,689.685,57.603,-28.5066,690.478,57.4949,-28.5066,687.703,37.141,-28.5066,686.91,37.249,61.1485,687.703,37.141,61.1485,690.478,57.4949,61.1485,689.685,57.6029,61.1485,690.212,0.169204,-34.9277,690.212,0.169192,64.9606,686.367,0.169192,64.9606,686.367,0.169204,-34.9277,690.212,210.342,64.9606,686.367,210.342,64.9606,690.212,210.342,-34.9277,686.367,210.342,-34.9277,690.212,203.921,-28.5066,690.212,6.5903,-28.5066,690.212,203.921,58.5394,690.212,6.59029,58.5394,686.367,6.59029,58.5394,686.367,6.5903,-28.5066,686.367,203.921,58.5394,686.367,203.921,-28.5066,686.91,133.884,-28.5066,689.685,154.238,-28.5066,690.478,154.13,-28.5066,687.703,133.776,-28.5066,686.91,133.884,61.1485,687.703,133.776,61.1485,690.478,154.13,61.1485,689.685,154.238,61.1485,686.91,157.342,-28.5066,689.685,177.696,-28.5066,690.478,177.588,-28.5066,687.703,157.234,-28.5066,686.91,157.342,61.1485,687.703,157.234,61.1485,690.478,177.587,61.1485,689.685,177.696,61.1485,686.91,181.016,-28.5066,689.685,201.37,-28.5066,690.478,201.262,-28.5066,687.703,180.908,-28.5066,686.91,181.016,61.1485,687.703,180.908,61.1485,690.478,201.262,61.1485,689.685,201.37,61.1485,686.91,86.2453,-28.5066,689.685,106.599,-28.5066,690.478,106.491,-28.5066,687.703,86.1372,-28.5066,686.91,86.2453,61.1485,687.703,86.1372,61.1485,690.478,106.491,61.1485,689.685,106.599,61.1485],
    "faces": [33,0,1,2,3,0,1,2,3,33,4,5,6,7,4,5,6,7,33,0,3,5,4,0,3,5,4,33,3,2,6,5,3,2,6,5,33,2,1,7,6,2,1,7,6,33,1,0,4,7,1,0,4,7,33,8,9,10,11,8,9,10,11,33,12,13,14,15,12,13,14,15,33,8,11,13,12,8,11,13,12,33,11,10,14,13,11,10,14,13,33,10,9,15,14,10,9,15,14,33,9,8,12,15,9,8,12,15,33,16,17,18,19,0,16,2,3,33,20,21,22,23,4,5,17,18,33,16,19,21,20,0,3,5,4,33,19,18,22,21,3,2,17,5,33,18,17,23,22,2,16,18,17,33,17,16,20,23,16,0,4,18,33,24,25,26,27,8,19,10,11,33,28,29,30,31,12,13,14,15,33,24,27,29,28,8,11,13,12,33,27,26,30,29,11,10,14,13,33,26,25,31,30,10,19,15,14,33,25,24,28,31,19,8,12,15,33,32,33,34,35,20,21,22,23,33,33,36,37,34,21,24,25,22,33,36,38,39,37,24,26,27,25,33,38,32,35,39,26,20,23,27,33,32,38,40,41,20,26,28,29,33,38,36,42,40,26,24,30,28,33,36,33,43,42,24,21,31,30,33,33,32,41,43,21,20,29,31,33,35,34,44,45,23,22,32,33,33,34,37,46,44,22,25,34,32,33,37,39,47,46,25,27,35,34,33,39,35,45,47,27,23,33,35,33,45,44,43,41,33,32,31,29,33,46,47,40,42,34,35,28,30,33,47,45,41,40,35,33,29,28,33,44,46,42,43,32,34,30,31,33,48,49,50,51,8,9,10,11,33,52,53,54,55,12,36,14,15,33,48,51,53,52,8,11,36,12,33,51,50,54,53,11,10,14,36,33,50,49,55,54,10,9,15,14,33,49,48,52,55,9,8,12,15,33,56,57,58,59,37,38,39,40,33,60,61,62,63,41,42,43,44,33,56,59,61,60,37,40,42,41,33,59,58,62,61,40,39,43,42,33,58,57,63,62,39,38,44,43,33,57,56,60,63,38,37,41,44,33,64,65,66,67,8,9,10,11,33,68,69,70,71,12,36,14,15,33,64,67,69,68,8,11,36,12,33,67,66,70,69,11,10,14,36,33,66,65,71,70,10,9,15,14,33,65,64,68,71,9,8,12,15,33,72,73,74,75,0,16,45,3,33,76,77,78,79,4,5,17,7,33,72,75,77,76,0,3,5,4,33,75,74,78,77,3,45,17,5,33,74,73,79,78,45,16,7,17,33,73,72,76,79,16,0,4,7],
    "uvs": [],
    "metadata": {
        "normals": 46,
        "version": 3,
        "vertices": 80,
        "uvs": 0,
        "faces": 64,
        "type": "Geometry",
        "generator": "io_three"
    }
}