{
    "vertices": [977.483,113.734,1017.93,977.483,117.617,1017.93,1014.29,117.617,1017.93,1014.29,113.734,1017.93,977.483,113.734,1303.97,1014.29,113.734,1303.97,1014.29,117.617,1303.97,977.483,117.617,1303.97],
    "uvs": [],
    "normals": [-0.577349,-0.577349,-0.577349,-0.577349,0.577349,-0.577349,0.577349,0.577349,-0.577349,0.577349,-0.577349,-0.577349,-0.577349,-0.577349,0.577349,0.577349,-0.577349,0.577349,0.577349,0.577349,0.577349,-0.577349,0.577349,0.577349],
    "faces": [33,0,1,2,3,0,1,2,3,33,4,5,6,7,4,5,6,7,33,0,3,5,4,0,3,5,4,33,3,2,6,5,3,2,6,5,33,2,1,7,6,2,1,7,6,33,1,0,4,7,1,0,4,7],
    "metadata": {
        "vertices": 8,
        "uvs": 0,
        "normals": 8,
        "faces": 6,
        "generator": "io_three",
        "type": "Geometry",
        "version": 3
    },
    "name": "Box921Geometry"
}