{
    "name": "Box025Geometry",
    "uvs": [],
    "vertices": [-41.9233,-2.67622,192.072,-41.9232,202.324,192.072,-41.9219,202.324,172.072,-41.922,-2.67622,172.072,-34.9231,-2.67622,189.372,-34.9221,-2.67622,174.772,-34.9221,202.324,174.772,-34.923,202.324,189.372,-37.622,-2.67622,172.072,-36.122,-2.67622,172.372,-35.2221,-2.67622,173.272,-35.2232,-2.67622,190.872,-36.1232,-2.67622,191.772,-37.6233,-2.67622,192.072,-37.6219,202.324,172.072,-41.9219,212.91,172.072,-41.9232,212.91,192.072,-34.9232,212.91,192.072,-34.9219,212.91,172.072,-37.6232,202.324,192.072,-36.7232,203.224,192.072,-35.8232,204.124,192.072,-34.9232,205.024,192.072,250.338,202.324,192.073,250.34,202.324,172.073,250.34,212.91,172.073,250.338,212.91,192.073,-36.7219,203.224,172.072,-35.8219,204.124,172.072,-34.9219,205.024,172.072,243.339,202.324,174.772,243.339,202.324,189.372,243.34,212.91,172.072,243.34,205.024,172.072,243.338,212.91,192.072,243.338,205.024,192.072,243.339,-0.192023,189.372,243.339,-0.192021,174.772,243.639,-0.192021,173.273,244.539,-0.192021,172.372,246.039,-0.192021,172.073,250.339,-0.192021,172.073,250.338,-0.192023,192.073,243.638,-0.192023,190.872,244.538,-0.192023,191.773,246.038,-0.192023,192.073,244.24,204.124,172.073,245.14,203.224,172.073,246.04,202.324,172.073,244.238,204.124,192.073,245.138,203.224,192.073,246.038,202.324,192.073,-36.7232,202.924,191.772,-36.722,202.624,172.672,-36.722,202.324,172.972,245.138,202.324,191.173,245.138,202.624,191.473,243.639,204.124,172.673,243.339,204.124,172.972,-35.822,202.324,173.872,-35.8231,202.324,190.272,243.338,204.124,191.172,-34.9231,204.124,191.172,243.339,203.224,173.872,-34.922,203.224,173.872,244.24,202.324,173.873,-36.7232,202.324,191.172,-36.7232,202.624,191.472,-35.8231,202.924,190.872,-34.9231,203.224,190.272,-35.8232,203.524,191.472,-36.7219,202.924,172.372,-35.822,203.524,172.672,-34.922,204.124,172.972,-35.822,202.924,173.272,245.138,202.924,191.773,244.238,203.524,191.473,244.238,202.924,190.873,243.339,203.224,190.272,244.238,202.324,190.273,243.94,204.124,172.373,244.54,203.224,172.673,245.139,202.324,172.973,243.939,203.224,173.273],
    "faces": [33,0,1,2,3,0,1,2,3,33,4,5,6,7,4,5,6,7,33,3,8,9,10,3,8,9,10,33,5,0,3,10,5,0,3,10,33,5,4,11,12,5,4,11,12,33,13,0,5,12,13,0,5,12,33,3,2,14,8,3,2,14,8,33,15,16,17,18,15,16,17,18,33,1,0,13,19,1,0,13,19,33,2,1,16,15,2,1,16,15,33,1,19,20,21,1,19,20,21,33,1,21,22,17,1,21,22,17,32,1,17,16,1,17,16,33,23,24,25,26,23,24,25,26,33,14,2,15,18,14,2,15,18,33,27,14,18,28,27,14,18,27,32,29,28,18,28,27,18,33,7,6,30,31,7,6,29,30,33,29,18,32,33,28,18,31,32,33,18,17,34,32,18,17,33,31,33,17,22,35,34,17,22,34,33,33,36,37,38,39,35,36,37,38,33,36,39,40,41,35,38,39,40,33,36,41,42,43,35,40,41,42,33,44,43,42,45,43,42,41,44,33,33,32,25,24,32,31,25,24,33,46,33,24,47,45,32,24,46,32,48,47,24,47,46,24,33,32,34,26,25,31,33,26,25,33,34,35,49,50,33,34,48,49,33,34,50,51,23,33,49,50,23,32,34,23,26,33,23,26,33,31,30,37,36,30,29,36,35,33,48,24,41,40,47,24,40,39,33,24,23,42,41,24,23,41,40,33,23,51,45,42,23,50,44,41,32,19,52,20,19,51,20,32,14,53,54,14,40,52,32,55,51,56,53,50,54,32,33,57,58,32,55,56,33,59,6,5,10,57,6,5,10,33,11,4,7,60,11,4,7,58,33,61,35,22,62,59,34,22,60,33,63,30,6,64,56,29,6,61,33,44,45,51,55,43,44,50,53,33,38,37,30,65,37,36,29,62,32,19,66,67,19,63,51,33,68,67,66,60,41,51,63,58,33,69,68,60,7,64,41,58,7,32,19,67,52,19,51,51,33,70,52,67,68,41,51,51,41,33,62,70,68,69,60,41,41,64,33,21,20,52,70,21,20,51,41,33,22,21,70,62,22,21,41,60,32,14,27,71,14,27,40,33,72,71,27,28,40,40,27,27,33,73,72,28,29,65,40,27,28,32,14,71,53,14,40,40,33,74,53,71,72,66,40,40,40,33,64,74,72,73,61,66,40,65,33,59,54,53,74,57,52,40,66,33,6,59,74,64,6,57,66,61,32,51,50,75,50,49,67,33,76,75,50,49,68,67,49,48,33,61,76,49,35,59,68,48,34,32,51,75,56,50,67,54,33,77,56,75,76,0,54,67,68,33,78,77,76,61,59,0,68,59,33,79,55,56,77,69,53,54,0,33,31,79,77,78,30,69,0,59,32,33,46,80,32,45,3,33,81,80,46,47,70,3,45,46,33,82,81,47,48,71,70,46,47,32,33,80,57,32,3,55,33,83,57,80,81,3,55,3,70,33,65,83,81,82,62,3,70,71,33,63,58,57,83,56,56,55,3,33,30,63,83,65,29,56,3,62,33,54,59,10,9,52,57,10,9,33,14,54,9,8,14,52,9,8,33,12,11,60,66,12,11,58,63,33,13,12,66,19,13,12,63,19,33,78,61,62,69,59,59,60,64,33,31,78,69,7,30,59,64,7,33,58,63,64,73,56,56,61,65,33,33,58,73,29,32,56,65,28,33,43,44,55,79,42,43,53,69,33,36,43,79,31,35,42,69,30,33,39,38,65,82,38,37,62,71,33,40,39,82,48,39,38,71,47],
    "metadata": {
        "generator": "io_three",
        "faces": 90,
        "normals": 72,
        "type": "Geometry",
        "uvs": 0,
        "vertices": 84,
        "version": 3
    },
    "normals": [-0.57738,-0.577349,0.577288,-0.707144,0,0.707053,-0.707053,0,-0.707144,-0.577288,-0.577349,-0.57738,0.701376,-0.693228,0.165624,0.701407,-0.693228,-0.165532,0.659841,-0.605029,-0.445509,0.65978,-0.605029,0.445631,0.165624,-0.693228,-0.701376,0.45204,-0.63451,-0.626911,0.626942,-0.634541,-0.451949,0.626911,-0.63451,0.45201,0.451949,-0.63451,0.626972,0.165502,-0.693228,0.701407,0.214026,-0.098453,-0.971831,-0.577288,0.577349,-0.57738,-0.57738,0.577349,0.577288,0,0.707083,0.707114,0,0.707114,-0.707083,0.213904,-0.098453,0.971862,0.324992,-0.325053,0.888089,0.324992,-0.325053,0.888058,0.101932,-0.289346,0.95175,0.707053,0,0.707144,0.707144,0,-0.707053,0.57738,0.577319,-0.577288,0.577288,0.577319,0.57738,0.325114,-0.325053,-0.888028,0.102023,-0.289346,-0.95175,-0.65978,-0.605029,-0.445631,-0.659841,-0.605029,0.445509,0,0.707083,-0.707083,-0.101932,-0.289315,-0.951781,0,0.707114,0.707083,-0.101993,-0.289346,0.95175,-0.701407,-0.693228,0.165502,-0.701407,-0.693228,-0.165624,-0.626911,-0.63451,-0.45201,-0.451949,-0.63448,-0.626972,-0.165502,-0.693228,-0.701407,0.57738,-0.577349,-0.577288,0.577288,-0.577349,0.57738,-0.626972,-0.63448,0.451949,-0.45201,-0.63451,0.626911,-0.165624,-0.693228,0.701407,-0.325022,-0.325053,-0.888058,-0.324961,-0.325022,-0.888089,-0.213904,-0.098483,-0.971862,-0.325083,-0.325053,0.888028,-0.325083,-0.325022,0.888058,-0.214026,-0.098453,0.971831,0.577288,-0.577349,0.577349,0.611744,-0.30427,-0.730155,-0.611744,-0.30427,0.730155,-0.577349,-0.57738,0.577258,-0.577258,-0.577349,-0.57741,-0.302835,-0.673879,-0.673879,0.730216,-0.3043,-0.611682,0.730155,-0.3043,0.611744,-0.302927,-0.673879,0.673849,0.302835,-0.673879,0.673879,0.302896,-0.673879,-0.673849,-0.730155,-0.30427,-0.611744,0.611652,-0.3043,0.730216,0.302866,-0.673879,0.673879,0.302927,-0.673879,-0.673849,0.577349,-0.577349,-0.577319,-0.577349,-0.577349,0.577319,-0.57738,-0.577319,0.577319,-0.730247,-0.30427,0.611652,-0.577319,-0.577319,-0.57738,-0.611682,-0.30427,-0.730216]
}