{
    "metadata": {
        "version": 3,
        "faces": 6,
        "vertices": 8,
        "uvs": 0,
        "normals": 8,
        "type": "Geometry",
        "generator": "io_three"
    },
    "faces": [33,0,1,2,3,0,1,2,3,33,4,5,6,7,4,5,6,7,33,0,3,5,4,0,3,5,4,33,3,2,6,5,3,2,6,5,33,2,1,7,6,2,1,7,6,33,1,0,4,7,1,0,4,7],
    "vertices": [-664.2,12.1719,-28.5066,-661.425,32.5258,-28.5066,-660.632,32.4177,-28.5066,-663.407,12.0638,-28.5066,-664.2,12.1719,61.1485,-663.407,12.0638,61.1485,-660.632,32.4177,61.1485,-661.425,32.5258,61.1485],
    "uvs": [],
    "normals": [-0.650044,-0.494034,-0.577349,-0.494034,0.650044,-0.577349,0.650044,0.494034,-0.577319,0.494034,-0.650044,-0.577319,-0.650044,-0.494034,0.577349,0.494034,-0.650044,0.577319,0.650044,0.494034,0.577349,-0.494034,0.650044,0.577349],
    "name": "Box363Geometry"
}