{
    "uvs": [],
    "faces": [33,0,1,2,3,0,1,2,3,33,4,5,6,7,4,5,6,7,33,0,3,5,4,0,3,5,4,33,3,2,6,5,3,2,6,5,33,2,1,7,6,2,1,7,6,33,1,0,4,7,1,0,4,7],
    "name": "Box393Geometry",
    "vertices": [-650.277,657.159,486.524,-650.277,660.354,370.282,-495.803,660.354,370.282,-495.803,657.159,486.524,-650.277,661.805,486.659,-495.803,661.805,486.659,-495.803,665,370.417,-650.277,665,370.417],
    "metadata": {
        "generator": "io_three",
        "uvs": 0,
        "faces": 6,
        "type": "Geometry",
        "vertices": 8,
        "version": 3,
        "normals": 8
    },
    "normals": [-0.57741,-0.593341,0.560808,-0.577258,-0.560869,-0.593402,0.577258,-0.560869,-0.593402,0.57741,-0.593341,0.560808,-0.577258,0.560869,0.593402,0.577258,0.560869,0.593402,0.57741,0.593341,-0.560808,-0.57741,0.593341,-0.560808]
}