{
    "metadata": {
        "version": 3,
        "faces": 16,
        "vertices": 16,
        "uvs": 0,
        "normals": 16,
        "type": "Geometry",
        "generator": "io_three"
    },
    "faces": [33,0,1,2,3,0,1,2,3,33,1,4,5,2,1,4,5,2,33,4,6,7,5,4,6,7,5,33,6,8,9,7,6,8,9,7,33,8,10,11,9,8,10,11,9,33,10,12,13,11,10,12,13,11,33,12,14,15,13,12,14,15,13,33,14,0,3,15,14,0,3,15,33,7,9,11,15,7,9,11,15,32,11,13,15,11,13,15,33,5,7,15,2,5,7,15,2,32,2,15,3,2,15,3,33,0,14,12,4,0,14,12,4,33,12,10,8,6,12,10,8,6,32,12,6,4,12,6,4,32,0,4,1,0,4,1],
    "vertices": [-660.943,-7.25554,337.431,-41.0778,-7.25554,337.517,-41.0778,-0.06024,337.517,-660.943,-0.06024,337.431,-41.0194,-7.25552,202.881,-41.0194,-0.060224,202.881,249.114,-7.25552,202.909,249.114,-0.060224,202.909,249.13,-7.25554,337.54,249.13,-0.06024,337.54,689.042,-7.25554,337.452,689.042,-0.06024,337.452,689.06,-7.25545,-422.56,689.06,-0.06015,-422.56,-660.841,-7.25545,-422.719,-660.841,-0.06015,-422.719],
    "uvs": [],
    "normals": [-0.57741,-0.577349,0.577258,0.577166,-0.577349,0.577502,0.577166,0.577349,0.577502,-0.57741,0.577349,0.577258,0.301462,-0.904477,0.301645,0.577166,0.577349,0.577471,-0.301523,-0.904508,0.301523,-0.441877,0.780663,0.441877,-0.577258,-0.577319,0.577441,-0.577258,0.577319,0.577441,0.57738,-0.577349,0.577288,0.57738,0.577349,0.577288,0.57738,-0.577349,-0.577288,0.57738,0.577349,-0.577288,-0.577258,-0.577349,-0.57741,-0.577258,0.577349,-0.57741],
    "name": "Shape002Geometry"
}