{
    "normals": [-0.134251,-0.279275,0.950774,-0.950774,-0.279244,0.134251,-0.210761,-0.767235,-0.605701,0.605731,-0.767235,0.21073,0.210791,0.767266,0.60567,0.950774,0.279214,-0.134281,0.134251,0.279244,-0.950774,-0.60567,0.767266,-0.210761],
    "name": "Box923Geometry",
    "faces": [33,0,1,2,3,0,1,2,3,33,4,5,6,7,4,5,6,7,33,0,3,5,4,0,3,5,4,33,3,2,6,5,3,2,6,5,33,2,1,7,6,2,1,7,6,33,1,0,4,7,1,0,4,7],
    "vertices": [951.429,0.250369,1095.09,911.849,0.250374,1055.51,912.609,-0.250626,1054.75,952.188,-0.25063,1094.33,978.591,82.6298,1067.93,979.351,82.1287,1067.17,939.772,82.1287,1027.59,939.012,82.6298,1028.35],
    "metadata": {
        "normals": 8,
        "generator": "io_three",
        "faces": 6,
        "version": 3,
        "vertices": 8,
        "uvs": 0,
        "type": "Geometry"
    },
    "uvs": []
}