{
    "metadata": {
        "version": 3,
        "faces": 6,
        "vertices": 8,
        "uvs": 0,
        "normals": 8,
        "type": "Geometry",
        "generator": "io_three"
    },
    "faces": [33,0,1,2,3,0,1,2,3,33,4,5,6,7,4,5,6,7,33,0,3,5,4,0,3,5,4,33,3,2,6,5,3,2,6,5,33,2,1,7,6,2,1,7,6,33,1,0,4,7,1,0,4,7],
    "vertices": [-630.295,396.933,-160.427,-630.295,396.933,-86.3659,-631.15,396.933,-86.3659,-631.15,396.933,-160.427,-630.295,493.158,-160.427,-631.15,493.158,-160.427,-631.15,493.158,-86.3658,-630.295,493.158,-86.3658],
    "uvs": [],
    "normals": [0.577349,-0.577349,-0.577349,0.577349,-0.577349,0.577349,-0.577349,-0.577349,0.577349,-0.577349,-0.577349,-0.577349,0.577349,0.577349,-0.577349,-0.577349,0.577349,-0.577349,-0.577349,0.577349,0.577349,0.577349,0.577349,0.577349],
    "name": "Box153Geometry"
}