{
    "metadata": {
        "version": 3,
        "faces": 6,
        "vertices": 8,
        "uvs": 0,
        "normals": 8,
        "type": "Geometry",
        "generator": "io_three"
    },
    "faces": [33,0,1,2,3,0,1,2,3,33,4,5,6,7,4,5,6,7,33,0,3,5,4,0,3,5,4,33,3,2,6,5,3,2,6,5,33,2,1,7,6,2,1,7,6,33,1,0,4,7,1,0,4,7],
    "vertices": [-163.558,1.31426,314.621,-88.5578,1.31426,314.621,-88.5578,1.31426,316.121,-163.558,1.31426,316.121,-163.558,201.314,314.621,-163.558,201.314,316.121,-88.5578,201.314,316.121,-88.5578,201.314,314.621],
    "uvs": [],
    "normals": [-0.577349,-0.577349,-0.577349,0.577349,-0.577349,-0.577349,0.577349,-0.577349,0.577349,-0.577349,-0.577349,0.577349,-0.577349,0.577349,-0.577349,-0.577349,0.577349,0.577349,0.577349,0.577349,0.577349,0.577349,0.577349,-0.577349],
    "name": "Box431Geometry"
}