{
    "normals": [-0.577349,0.577349,-0.577349,-0.577349,0.577349,0.577349,0.577349,0.577349,0.577349,0.577349,0.577349,-0.577349,0.577349,-0.577349,0.577349,-0.577349,-0.577349,0.577349,-0.577349,-0.577349,-0.577349,0.577349,-0.577349,-0.577349],
    "name": "Box129Geometry",
    "vertices": [-2689.54,-2.6157,-1687.03,-2689.54,-2.61608,1517.03,2737.65,-2.61608,1517.03,2737.65,-2.6157,-1687.03,2737.65,-33.0721,1517.03,-2689.54,-33.0721,1517.03,-2689.54,-33.0717,-1687.03,2737.65,-33.0717,-1687.03],
    "faces": [33,0,1,2,3,0,1,2,3,33,4,5,6,7,4,5,6,7,33,2,1,5,4,2,1,5,4,33,3,2,4,7,3,2,4,7,33,0,3,7,6,0,3,7,6,33,1,0,6,5,1,0,6,5],
    "uvs": [],
    "metadata": {
        "normals": 8,
        "version": 3,
        "vertices": 8,
        "uvs": 0,
        "faces": 6,
        "type": "Geometry",
        "generator": "io_three"
    }
}