{
    "metadata": {
        "version": 3,
        "faces": 24,
        "vertices": 26,
        "uvs": 0,
        "normals": 26,
        "type": "Geometry",
        "generator": "io_three"
    },
    "faces": [33,0,1,2,3,0,1,2,3,33,0,4,5,1,0,4,5,1,33,0,6,7,4,0,6,7,4,33,0,8,9,6,0,8,9,6,33,0,10,11,8,0,10,11,8,33,0,3,12,10,0,3,12,10,33,3,2,13,14,3,2,13,14,33,2,1,15,13,2,1,15,13,33,1,5,16,15,1,5,16,15,33,5,4,17,16,5,4,17,16,33,4,7,18,17,4,7,18,17,33,7,6,19,18,7,6,19,18,33,6,9,20,19,6,9,20,19,33,9,8,21,20,9,8,21,20,33,8,11,22,21,8,11,22,21,33,11,10,23,22,11,10,23,22,33,10,12,24,23,10,12,24,23,33,12,3,14,24,12,3,14,24,33,25,24,14,13,25,24,14,13,33,25,13,15,16,25,13,15,16,33,25,16,17,18,25,16,17,18,33,25,18,19,20,25,18,19,20,33,25,20,21,22,25,20,21,22,33,25,22,23,24,25,22,23,24],
    "vertices": [652.583,-4.5e-05,376.623,654.583,0.492355,373.194,656.047,0.284255,374.643,656.583,-4.5e-05,376.623,650.583,0.492355,373.194,652.583,0.568556,372.664,648.583,-4.5e-05,376.623,649.119,0.284255,374.643,650.583,-0.492445,380.052,649.119,-0.284345,378.603,654.583,-0.492445,380.052,652.583,-0.568645,380.582,656.047,-0.284345,378.603,656.047,633.497,465.572,656.583,633.213,467.551,654.583,633.706,464.122,652.583,633.782,463.592,650.583,633.706,464.122,649.119,633.497,465.572,648.583,633.213,467.551,649.119,632.929,469.531,650.583,632.721,470.98,652.583,632.645,471.511,654.583,632.721,470.98,656.047,632.929,469.531,652.583,633.213,467.551],
    "uvs": [],
    "normals": [0,-0.989837,-0.142125,0.378552,-0.553392,-0.741905,0.655721,-0.592761,-0.467574,0.757134,-0.646596,-0.092837,-0.378552,-0.553362,-0.741905,0,-0.538957,-0.842311,-0.757164,-0.646565,-0.092837,-0.65569,-0.592761,-0.467574,-0.378582,-0.739799,0.5562,-0.65569,-0.7004,0.281869,0.378552,-0.739799,0.5562,0,-0.754204,0.656606,0.655721,-0.700369,0.281869,0.655721,0.700369,-0.281869,0.757134,0.646596,0.092837,0.378521,0.739799,-0.5562,0,0.754173,-0.656636,-0.378552,0.739799,-0.5562,-0.65569,0.7004,-0.281869,-0.757164,0.646565,0.092837,-0.655721,0.592761,0.467574,-0.378582,0.553392,0.741874,0,0.538957,0.842311,0.378582,0.553392,0.741905,0.655721,0.592761,0.467574,0,0.989837,0.142125],
    "name": "Cylinder069Geometry"
}