{
    "metadata": {
        "version": 3,
        "faces": 6,
        "vertices": 8,
        "uvs": 0,
        "normals": 8,
        "type": "Geometry",
        "generator": "io_three"
    },
    "faces": [33,0,1,2,3,0,1,2,3,33,4,5,6,7,4,5,6,7,33,0,3,5,4,0,3,5,4,33,3,2,6,5,3,2,6,5,33,2,1,7,6,2,1,7,6,33,1,0,4,7,1,0,4,7],
    "vertices": [-69.0544,-2.75255,-422.519,-69.0544,-2.75253,-553.112,211.833,-2.75253,-553.112,211.833,-2.75255,-422.519,-69.0544,0.05815,-422.519,211.833,0.05815,-422.519,211.833,0.058166,-553.112,-69.0544,0.058166,-553.112],
    "uvs": [],
    "normals": [-0.577349,-0.577349,0.577349,-0.577349,-0.577349,-0.577349,0.577349,-0.577349,-0.577349,0.577349,-0.577349,0.577349,-0.577349,0.577349,0.577349,0.577349,0.577349,0.577349,0.577349,0.577349,-0.577349,-0.577349,0.577349,-0.577349],
    "name": "Box474Geometry"
}