{
    "normals": [0,0.699179,0.714927,0,0.999969,-0.001984,-0.701651,0.712485,-0.001404,-0.578509,0.570269,0.583148,0,0.984252,-0.176611,0,0.996826,-0.079562,0.695273,0.716422,-0.057161,0.697195,0.705588,-0.126591,0,0.963164,-0.268807,0.696005,0.69158,-0.192969,0,0.938475,-0.345256,0.700308,0.669912,-0.246437,0.600208,0.447615,-0.662862,0,0.559648,-0.8287,0.578509,0.570269,0.583148,0.701651,0.712485,-0.001404,-0.697195,0.705588,-0.126591,-0.695273,0.716422,-0.057161,-0.696005,0.69158,-0.192999,-0.700339,0.669881,-0.246437,-0.600177,0.447645,-0.662831,-0.712607,-0.701529,0.001343,-0.576159,-0.584368,0.571398,0,-0.714988,0.699118,0.576159,-0.584368,0.571398,0.712607,-0.701529,0.001343,0.719291,-0.692465,0.055269,0.717246,-0.685812,0.123051,0.718528,-0.669881,0.186926,0.713614,-0.657796,0.240791,0.559954,-0.685842,-0.464766,0,-0.827784,-0.561022,-0.559954,-0.685812,-0.464797,-0.713584,-0.657857,0.240761,-0.718528,-0.669851,0.186926,-0.717246,-0.685812,0.123051,-0.719291,-0.692465,0.055269,0,0.698813,0.715293,0,0.999969,-0.001495,-0.701559,0.712577,-0.001038,-0.57857,0.569964,0.583392,0,0.939756,-0.341777,0.701132,0.670064,-0.24369,0.599689,0.45027,-0.661489,0,0.5627,-0.826624,0.57857,0.569964,0.583392,0.701559,0.712577,-0.001038,-0.701163,0.670034,-0.24369,-0.599689,0.450301,-0.661489,-0.712729,-0.701407,0.001038,0,0,1,-0.576128,-0.584643,0.571154,0.576128,-0.584643,0.571154,0.712729,-0.701407,0.001038,0.718741,-0.683493,0.127201,0.716971,-0.670247,0.191565,0.711478,-0.662221,0.234993,0.560717,-0.680898,-0.471084,0,-0.822321,-0.569018,-0.560747,-0.680868,-0.471114,-0.711417,-0.662282,0.234962,-0.716971,-0.670217,0.191534,-0.718741,-0.683493,0.127201],
    "name": "ext_toitureGeometry",
    "vertices": [14.1072,660.175,523.095,14.1072,664.77,317.046,-684.616,664.77,317.046,-684.616,660.175,523.095,14.1073,637.902,-47.165,14.1073,659.419,113.671,709.982,659.419,113.671,709.982,637.902,-47.165,14.1073,606.116,-187.909,709.982,606.116,-187.909,14.1073,567.241,-304.362,709.982,567.241,-304.394,709.982,504.92,-459.104,14.1073,504.92,-459.104,709.982,660.175,523.095,709.982,664.77,317.045,-684.616,637.902,-47.1651,-684.616,659.419,113.671,-684.616,606.116,-187.909,-684.616,567.241,-304.329,-684.616,504.92,-459.104,-684.616,654.88,318.523,-684.616,650.285,523.095,14.1072,650.285,523.095,709.982,650.285,523.095,709.982,654.88,318.523,709.982,649.529,115.149,709.982,628.012,-45.6878,709.982,596.225,-186.432,709.982,557.35,-302.917,709.982,495.03,-459.104,14.1073,495.03,-459.104,-684.616,495.03,-459.104,-684.616,557.35,-302.852,-684.616,596.225,-186.432,-684.616,628.012,-45.6878,-684.616,649.529,115.149,14.1072,650.576,515.626,14.1072,655.171,318.523,-659.731,655.171,318.523,-659.731,650.576,515.626,14.1073,628.303,-45.6878,14.1073,649.82,115.149,689.29,649.82,115.149,689.29,628.303,-45.6878,14.1073,596.516,-186.432,689.29,596.516,-186.432,14.1073,557.641,-302.884,689.29,557.641,-302.917,689.29,510.434,-422.649,14.1073,510.434,-422.649,689.29,650.576,515.626,689.29,655.171,318.523,-659.731,628.303,-45.6878,-659.731,649.82,115.149,-659.731,596.516,-186.432,-659.731,557.641,-302.852,-659.731,510.434,-422.649,-659.731,620.343,115.149,-659.731,625.694,318.523,14.1072,621.099,515.626,-659.731,621.099,515.626,689.29,621.099,515.626,689.29,625.694,318.523,689.29,620.343,115.149,689.29,598.826,-45.6878,689.29,565.118,-186.432,689.29,528.164,-297.34,689.29,480.957,-422.649,14.1074,480.957,-422.649,-659.731,480.957,-422.649,-659.731,528.164,-297.274,-659.731,565.118,-186.432,-659.731,598.826,-45.6878],
    "faces": [33,0,1,2,3,0,1,2,3,33,4,5,6,7,4,5,6,7,33,8,4,7,9,8,4,7,9,33,10,8,9,11,10,8,9,11,33,10,11,12,13,10,11,12,13,33,1,0,14,15,1,0,14,15,33,16,17,5,4,16,17,5,4,33,18,16,4,8,18,16,4,8,33,10,19,18,8,10,19,18,8,33,13,20,19,10,13,20,19,10,33,5,17,2,1,5,17,2,1,33,6,5,1,15,6,5,1,15,33,21,22,3,2,21,22,3,2,33,0,3,22,23,0,3,22,23,33,14,0,23,24,14,0,23,24,33,24,25,15,14,24,25,15,14,33,25,26,6,15,25,26,6,15,33,26,27,7,6,26,27,7,6,33,27,28,9,7,27,28,9,7,33,28,29,11,9,28,29,11,9,33,29,30,12,11,29,30,12,11,33,30,31,13,12,30,31,13,12,33,31,32,20,13,31,32,20,13,33,32,33,19,20,32,33,19,20,33,33,34,18,19,33,34,18,19,33,34,35,16,18,34,35,16,18,33,35,36,17,16,35,36,17,16,33,36,21,2,17,36,21,2,17,33,21,25,24,23,21,25,24,23,32,22,21,23,22,21,23,33,36,26,25,21,36,26,25,21,33,35,27,26,36,35,27,26,36,33,27,35,34,28,27,35,34,28,33,33,29,28,34,33,29,28,34,33,33,32,31,30,33,32,31,30,32,33,30,29,33,30,29,33,37,38,39,40,37,38,39,40,33,41,42,43,44,4,5,6,7,33,45,41,44,46,8,4,7,9,33,47,45,46,48,41,8,9,42,33,47,48,49,50,41,42,43,44,33,51,52,38,37,45,46,38,37,33,53,54,42,41,16,17,5,4,33,55,53,41,45,18,16,4,8,33,47,56,55,45,41,47,18,8,33,50,57,56,47,44,48,47,41,33,58,59,39,54,36,49,39,17,33,60,37,40,61,50,37,40,51,33,62,51,37,60,52,45,37,50,33,63,52,51,62,53,46,45,52,33,64,65,44,43,26,54,7,6,33,65,66,46,44,54,55,9,7,33,66,67,48,46,55,56,42,9,33,67,68,49,48,56,57,43,42,33,69,50,49,68,58,44,43,57,33,70,57,50,69,59,48,44,58,33,70,71,56,57,59,60,47,48,33,71,72,55,56,60,61,18,47,33,72,73,53,55,61,62,16,18,33,73,58,54,53,62,36,17,16,33,42,54,39,38,5,17,39,38,33,43,42,38,52,6,5,38,46,33,59,61,40,39,49,51,40,39,33,64,43,52,63,26,6,46,53,33,67,71,70,69,56,60,59,58,32,68,67,69,57,56,58,33,71,67,66,72,60,56,55,61,33,72,66,65,73,61,55,54,62,33,73,65,64,58,62,54,26,36,33,58,64,63,59,36,26,53,49,33,62,61,59,63,52,51,49,53],
    "uvs": [],
    "metadata": {
        "normals": 63,
        "version": 3,
        "vertices": 74,
        "uvs": 0,
        "faces": 71,
        "type": "Geometry",
        "generator": "io_three"
    }
}