{
    "metadata": {
        "version": 3,
        "faces": 30,
        "vertices": 32,
        "uvs": 0,
        "normals": 21,
        "type": "Geometry",
        "generator": "io_three"
    },
    "faces": [33,0,1,2,3,0,1,2,0,33,4,5,6,7,3,4,4,5,33,1,4,7,2,1,3,5,2,33,8,9,10,11,6,7,8,9,33,5,0,3,6,4,0,0,4,33,12,13,14,15,10,11,12,13,33,1,0,16,17,1,0,0,2,33,18,19,3,2,1,0,0,2,33,20,21,5,4,5,4,4,3,33,22,23,7,6,14,3,5,4,33,24,25,26,27,15,16,17,18,33,28,29,30,31,17,19,15,20,33,19,22,6,3,0,14,4,0,33,0,5,21,16,0,4,4,0,33,1,17,24,27,1,2,15,18,33,17,20,25,24,2,5,16,15,33,20,4,26,25,5,3,17,16,33,4,1,27,26,3,1,18,17,33,7,23,28,31,5,3,17,20,33,23,18,29,28,3,1,19,17,33,18,2,30,29,1,2,15,19,33,2,7,31,30,2,5,20,15,33,17,16,9,8,2,0,7,6,33,16,21,10,9,0,4,8,7,33,21,20,11,10,4,5,9,8,33,20,17,8,11,5,2,6,9,33,19,18,13,12,0,1,11,10,33,18,23,14,13,1,3,12,11,33,23,22,15,14,3,14,13,12,33,22,19,12,15,14,0,10,13],
    "vertices": [-57.3691,316.039,-418.419,-57.3693,311.321,-416.702,194.046,311.321,-416.672,194.046,316.039,-418.39,-57.3535,262.018,-552.159,-57.3532,266.737,-553.876,194.062,266.737,-553.847,194.061,262.018,-552.129,-78.5484,311.321,-416.704,-78.5482,316.039,-418.422,-78.5323,266.737,-553.879,-78.5325,262.018,-552.161,215.225,316.039,-418.387,215.225,311.321,-416.67,215.24,262.018,-552.127,215.241,266.737,-553.844,-68.5482,316.039,-418.421,-68.5484,311.321,-416.703,205.225,311.321,-416.671,205.225,316.039,-418.388,-68.5325,262.018,-552.16,-68.5323,266.737,-553.878,205.241,266.737,-553.845,205.24,262.018,-552.128,-68.5488,259.26,-413.283,-68.5329,259.361,-551.17,-57.3539,259.361,-551.169,-57.3697,259.26,-413.282,205.24,259.361,-551.138,205.224,259.26,-413.251,194.045,259.26,-413.252,194.061,259.361,-551.139],
    "uvs": [],
    "normals": [-3.1e-05,0.906308,0.42259,0.246162,-0.0571,0.967528,-0.246406,-0.0571,0.967467,0.300058,-0.594684,-0.745811,9.2e-05,0.42259,-0.906308,-0.299875,-0.594684,-0.745903,-0.57741,-0.345042,0.739921,-0.57738,0.739982,0.344981,-0.577258,0.345042,-0.740043,-0.577288,-0.739982,-0.345103,0.577288,0.739982,0.345134,0.577258,-0.345042,0.740043,0.57738,-0.739982,-0.344981,0.57741,0.345042,-0.739921,9.2e-05,0.42259,-0.906278,-0.573992,-0.559954,0.59743,-0.598468,-0.657796,-0.457289,0.598529,-0.657796,-0.457167,0.57387,-0.559954,0.597583,0.57384,-0.559954,0.597583,-0.598468,-0.657796,-0.457259],
    "name": "Box165Geometry"
}