{
    "metadata": {
        "version": 3,
        "faces": 6,
        "vertices": 8,
        "uvs": 0,
        "normals": 8,
        "type": "Geometry",
        "generator": "io_three"
    },
    "faces": [33,0,1,2,3,0,1,2,3,33,4,5,6,7,4,5,6,7,33,0,3,5,4,0,3,5,4,33,3,2,6,5,3,2,6,5,33,2,1,7,6,2,1,7,6,33,1,0,4,7,1,0,4,7],
    "vertices": [688.453,104.581,-312.751,690.183,116.601,-312.751,690.632,116.543,-312.751,688.902,104.523,-312.751,688.453,104.581,-220.221,688.902,104.523,-220.221,690.632,116.543,-220.221,690.183,116.601,-220.221],
    "uvs": [],
    "normals": [-0.650533,-0.494278,-0.576586,-0.493606,0.649739,-0.578082,0.650563,0.494217,-0.576617,0.493606,-0.649678,-0.578112,-0.650533,-0.494278,0.576586,0.493637,-0.649678,0.578112,0.650594,0.494247,0.576556,-0.493576,0.649709,0.578143],
    "name": "Box391Geometry"
}