{
    "vertices": [940.591,0.582468,1106.38,901.012,0.582473,1066.8,902.779,-0.582727,1065.03,942.359,-0.582732,1104.61,967.754,82.9619,1079.21,969.521,81.7966,1077.45,929.942,81.7966,1037.87,928.175,82.9619,1039.63],
    "uvs": [],
    "normals": [-0.134281,-0.279244,0.950774,-0.950774,-0.279244,0.134251,-0.210761,-0.767235,-0.605701,0.605701,-0.767235,0.210791,0.210761,0.767235,0.605701,0.950774,0.279244,-0.134251,0.134281,0.279244,-0.950774,-0.605701,0.767235,-0.210791],
    "faces": [33,0,1,2,3,0,1,2,3,33,4,5,6,7,4,5,6,7,33,0,3,5,4,0,3,5,4,33,3,2,6,5,3,2,6,5,33,2,1,7,6,2,1,7,6,33,1,0,4,7,1,0,4,7],
    "metadata": {
        "vertices": 8,
        "uvs": 0,
        "normals": 8,
        "faces": 6,
        "generator": "io_three",
        "type": "Geometry",
        "version": 3
    },
    "name": "Box923Geometry"
}