{
    "metadata": {
        "version": 3,
        "faces": 12,
        "vertices": 8,
        "uvs": 0,
        "normals": 8,
        "type": "Geometry",
        "generator": "io_three"
    },
    "faces": [32,0,1,2,0,1,2,32,0,5,1,0,3,1,32,2,6,0,2,4,0,32,5,7,1,3,5,1,32,3,7,2,6,5,2,32,6,5,4,4,3,7,32,7,5,6,5,3,4,32,2,1,3,2,1,6,32,4,5,0,7,3,0,32,0,6,4,0,4,7,32,1,7,3,1,5,6,32,2,7,6,2,5,4],
    "vertices": [582.13,27.2659,1310.76,582.13,33.3958,1305,582.13,32.3745,1256.72,582.13,37.7259,1259.19,588.495,27.2659,1310.76,588.495,33.3958,1305,588.495,32.3745,1256.72,588.495,37.7259,1259.19],
    "uvs": [],
    "normals": [-0.545366,-0.368572,0.75277,-0.635548,0.693381,0.339488,-0.561571,-0.412275,-0.717368,0.635548,0.693381,0.339488,0.561571,-0.412275,-0.717368,0.597278,0.695334,-0.39964,-0.597278,0.695334,-0.39964,0.545366,-0.368572,0.75277],
    "name": "plane_48Geometry"
}