{
    "vertices": [-1147.73,106.204,-978.221,-1147.73,106.182,-984.013,-1143.71,106.181,-984.013,-1143.71,106.203,-978.221,-1147.71,196.605,-978.567,-1143.7,196.604,-978.567,-1143.7,196.582,-984.359,-1147.71,196.583,-984.359],
    "uvs": [],
    "normals": [-0.57741,-0.57503,0.579547,-0.57741,-0.579455,-0.575121,0.577258,-0.579638,-0.575121,0.577258,-0.575213,0.579547,-0.577258,0.579638,0.575121,0.577441,0.579455,0.575121,0.57741,0.57503,-0.579547,-0.577258,0.575213,-0.579547],
    "faces": [33,0,1,2,3,0,1,2,3,33,4,5,6,7,4,5,6,7,33,0,3,5,4,0,3,5,4,33,3,2,6,5,3,2,6,5,33,2,1,7,6,2,1,7,6,33,1,0,4,7,1,0,4,7],
    "metadata": {
        "vertices": 8,
        "uvs": 0,
        "normals": 8,
        "faces": 6,
        "generator": "io_three",
        "type": "Geometry",
        "version": 3
    },
    "name": "Box532Geometry"
}