{
    "vertices": [-210.698,13.9625,-63.5403,-140.376,13.9625,-69.6927,-137.145,13.9625,-32.768,-207.467,13.9625,-26.6157,-210.698,26.9443,-63.5403,-207.467,26.9443,-26.6157,-137.145,26.9443,-32.768,-140.376,26.9443,-69.6927],
    "uvs": [],
    "normals": [-0.625446,-0.577349,-0.524827,0.524827,-0.577349,-0.625446,0.625446,-0.577349,0.524827,-0.524827,-0.577349,0.625446,-0.625446,0.577349,-0.524827,-0.524827,0.577349,0.625446,0.625446,0.577349,0.524827,0.524827,0.577349,-0.625446],
    "faces": [33,0,1,2,3,0,1,2,3,33,4,5,6,7,4,5,6,7,33,0,3,5,4,0,3,5,4,33,3,2,6,5,3,2,6,5,33,2,1,7,6,2,1,7,6,33,1,0,4,7,1,0,4,7],
    "metadata": {
        "vertices": 8,
        "uvs": 0,
        "normals": 8,
        "faces": 6,
        "generator": "io_three",
        "type": "Geometry",
        "version": 3
    },
    "name": "14Geometry"
}