{
    "vertices": [245.484,46.9645,79.1762,245.484,46.6007,79.209,208.006,46.6007,79.209,208.006,46.9645,79.1762,245.484,46.2823,79.3019,208.006,46.2823,79.3019,245.484,46.0095,79.4471,208.006,46.0095,79.4471,245.484,45.7821,79.6363,208.006,45.7821,79.6363,245.484,45.6002,79.8617,208.006,45.6002,79.8617,245.484,45.4637,80.1152,208.006,45.4637,80.1152,245.484,45.3728,80.3887,208.006,45.3728,80.3887,245.484,45.3273,80.6743,208.006,45.3273,80.6743,245.484,45.3273,80.9639,208.006,45.3273,80.9639,245.484,45.3728,81.2495,208.006,45.3728,81.2495,245.484,45.4637,81.523,208.006,45.4637,81.523,245.484,45.6002,81.7765,208.006,45.6002,81.7765,245.484,45.7821,82.0019,208.006,45.7821,82.0019,245.484,46.0095,82.1911,208.006,46.0095,82.1911,245.484,46.2823,82.3363,208.006,46.2823,82.3363,245.484,46.6007,82.4292,208.006,46.6007,82.4292,245.484,46.9645,82.462,208.006,46.9645,82.462,245.484,47.3283,82.4292,208.006,47.3283,82.4292,245.484,47.6467,82.3363,208.006,47.6467,82.3363,245.484,47.9196,82.1911,208.006,47.9196,82.1911,245.484,48.1469,82.0019,208.006,48.1469,82.0019,245.484,48.3289,81.7765,208.006,48.3289,81.7765,245.484,48.4653,81.523,208.006,48.4653,81.523,245.484,48.5562,81.2495,208.006,48.5563,81.2495,245.484,48.6017,80.9639,208.006,48.6017,80.9639,245.484,48.6017,80.6743,208.006,48.6017,80.6743,245.484,48.5562,80.3887,208.006,48.5563,80.3887,245.484,48.4653,80.1152,208.006,48.4653,80.1152,245.484,48.3289,79.8617,208.006,48.3289,79.8617,245.484,48.1469,79.6363,208.006,48.1469,79.6363,245.484,47.9196,79.4471,208.006,47.9196,79.4471,245.484,47.6467,79.3019,208.006,47.6467,79.3019,245.484,47.3283,79.209,208.006,47.3283,79.209],
    "uvs": [],
    "normals": [0,0,-0.999969,0,-0.185797,-0.982574,0,-0.376934,-0.926206,0,-0.557634,-0.830073,0,-0.712363,-0.701773,0,-0.832881,-0.553423,0,-0.918119,-0.396222,0,-0.971465,-0.237129,0,-0.996857,-0.07889,0,-0.996857,0.07889,0,-0.971465,0.237129,0,-0.918149,0.396222,0,-0.832881,0.553423,0,-0.712363,0.701773,0,-0.557634,0.830073,0,-0.376934,0.926206,0,-0.185797,0.982574,0,0,0.999969,0,0.185797,0.982574,0,0.376873,0.926237,0,0.557665,0.830042,0,0.712333,0.701804,0,0.832881,0.553392,0,0.918149,0.396161,0,0.971465,0.237129,0,0.996887,0.078829,0,0.996887,-0.078829,0,0.971465,-0.237129,0,0.91818,-0.39613,0,0.832881,-0.553392,0,0.712333,-0.701804,0,0.557634,-0.830042,0,0.376873,-0.926237,0,0.185797,-0.982574],
    "faces": [33,0,1,2,3,0,1,1,0,33,1,4,5,2,1,2,2,1,33,4,6,7,5,2,3,3,2,33,6,8,9,7,3,4,4,3,33,8,10,11,9,4,5,5,4,33,10,12,13,11,5,6,6,5,33,12,14,15,13,6,7,7,6,33,14,16,17,15,7,8,8,7,33,16,18,19,17,8,9,9,8,33,18,20,21,19,9,10,10,9,33,20,22,23,21,10,11,11,10,33,22,24,25,23,11,12,12,11,33,24,26,27,25,12,13,13,12,33,26,28,29,27,13,14,14,13,33,28,30,31,29,14,15,15,14,33,30,32,33,31,15,16,16,15,33,32,34,35,33,16,17,17,16,33,34,36,37,35,17,18,18,17,33,36,38,39,37,18,19,19,18,33,38,40,41,39,19,20,20,19,33,40,42,43,41,20,21,21,20,33,42,44,45,43,21,22,22,21,33,44,46,47,45,22,23,23,22,33,46,48,49,47,23,24,24,23,33,48,50,51,49,24,25,25,24,33,50,52,53,51,25,26,26,25,33,52,54,55,53,26,27,27,26,33,54,56,57,55,27,28,28,27,33,56,58,59,57,28,29,29,28,33,58,60,61,59,29,30,30,29,33,60,62,63,61,30,31,31,30,33,62,64,65,63,31,32,32,31,33,64,66,67,65,32,33,33,32,33,66,0,3,67,33,0,0,33],
    "metadata": {
        "vertices": 68,
        "uvs": 0,
        "normals": 34,
        "faces": 34,
        "generator": "io_three",
        "type": "Geometry",
        "version": 3
    },
    "name": "CUERO_N_007Geometry"
}