{
    "normals": [0.625446,-0.577349,0.524827,0.625446,0.577349,0.524827,-0.524827,0.577349,0.625446,-0.524827,-0.577349,0.625446,0.524827,-0.577349,-0.625446,-0.625446,-0.577349,-0.524827,-0.625446,0.577349,-0.524827,0.524827,0.577349,-0.625446],
    "name": "4Geometry",
    "faces": [33,0,1,2,3,0,1,2,3,33,4,5,6,7,4,5,6,7,33,0,3,5,4,0,3,5,4,33,3,2,6,5,3,2,6,5,33,2,1,7,6,2,1,7,6,33,1,0,4,7,1,0,4,7,33,8,9,10,11,5,4,0,3,33,12,13,14,15,6,2,1,7,33,8,11,13,12,5,3,2,6,33,11,10,14,13,3,0,1,2,33,10,9,15,14,0,4,7,1,33,9,8,12,15,4,5,6,7,33,16,17,18,19,5,4,0,3,33,20,21,22,23,6,2,1,7,33,16,19,21,20,5,3,2,6,33,19,18,22,21,3,0,1,2,33,18,17,23,22,0,4,7,1,33,17,16,20,23,4,5,6,7],
    "vertices": [-84.1753,0.292708,-67.2132,-84.1753,134.491,-67.2133,-263.955,134.491,-51.4846,-263.955,0.292706,-51.4846,-84.6545,0.292709,-72.6904,-264.434,0.292707,-56.9617,-264.434,134.491,-56.9618,-84.6545,134.491,-72.6905,-193.384,26.1422,-55.6359,-156.053,26.1422,-58.9019,-154.459,26.1422,-40.6724,-191.789,26.1422,-37.4064,-193.384,32.5512,-55.6359,-191.789,32.5512,-37.4064,-154.459,32.5512,-40.6724,-156.053,32.5512,-58.9019,-210.698,13.9625,-63.5403,-140.376,13.9625,-69.6927,-137.145,13.9625,-32.768,-207.467,13.9625,-26.6157,-210.698,26.9443,-63.5403,-207.467,26.9443,-26.6157,-137.145,26.9443,-32.768,-140.376,26.9443,-69.6927],
    "metadata": {
        "normals": 8,
        "generator": "io_three",
        "faces": 18,
        "version": 3,
        "vertices": 24,
        "uvs": 0,
        "type": "Geometry"
    },
    "uvs": []
}