{
    "vertices": [-357.398,41.8808,-318.131,-357.014,42.722,-318.131,-356.62,42.3808,-318.131,-356.474,41.8808,-318.131,-358.004,42.5797,-318.131,-357.53,42.7962,-318.131,-358.286,41.6203,-318.131,-358.286,42.1414,-318.131,-357.53,40.9655,-318.131,-358.004,41.1819,-318.131,-356.62,41.3808,-318.131,-357.014,41.0396,-318.131,-356.62,42.3808,-316.491,-356.474,41.8808,-316.491,-357.014,42.722,-316.491,-357.53,42.7962,-316.491,-358.004,42.5797,-316.491,-358.286,42.1414,-316.491,-358.286,41.6203,-316.491,-358.004,41.1819,-316.491,-357.53,40.9655,-316.491,-357.014,41.0396,-316.491,-356.62,41.3808,-316.491,-356.62,42.3808,-314.851,-356.474,41.8808,-314.851,-357.014,42.722,-314.851,-357.53,42.7962,-314.851,-358.004,42.5797,-314.851,-358.286,42.1414,-314.851,-358.286,41.6203,-314.851,-358.004,41.1819,-314.851,-357.53,40.9655,-314.851,-357.014,41.0396,-314.851,-356.62,41.3808,-314.851,-357.398,41.8808,-314.851],
    "uvs": [],
    "normals": [0,0,-1,0.31608,0.692129,-0.648854,0.640095,0.411389,-0.648823,0.760888,0,-0.648854,-0.498276,0.57503,-0.648854,-0.108249,0.753166,-0.648823,-0.730094,-0.214331,-0.648823,-0.730094,0.214362,-0.648823,-0.10828,-0.753136,-0.648854,-0.498276,-0.57506,-0.648823,0.640095,-0.411389,-0.648823,0.316019,-0.69216,-0.648823,0.841243,0.540635,0,1,0,0,0.415418,0.909604,0,-0.142308,0.989807,0,-0.654866,0.75573,0,-0.959471,0.281747,0,-0.959471,-0.281686,0,-0.654836,-0.75576,0,-0.142308,-0.989807,0,0.415326,-0.909665,0,0.841243,-0.540635,0,0.640095,0.411389,0.648823,0.760888,0,0.648854,0.31608,0.692129,0.648854,-0.108249,0.753166,0.648823,-0.498245,0.57506,0.648854,-0.730064,0.214393,0.648854,-0.730094,-0.214331,0.648854,-0.498276,-0.57506,0.648823,-0.10828,-0.753136,0.648854,0.316019,-0.69216,0.648823,0.640126,-0.411359,0.648823,0,0,1],
    "faces": [33,0,1,2,3,0,1,2,3,33,0,4,5,1,0,4,5,1,33,0,6,7,4,0,6,7,4,33,0,8,9,6,0,8,9,6,33,0,10,11,8,0,10,11,8,32,0,3,10,0,3,10,33,3,2,12,13,3,2,12,13,33,2,1,14,12,2,1,14,12,33,1,5,15,14,1,5,15,14,33,5,4,16,15,5,4,16,15,33,4,7,17,16,4,7,17,16,33,7,6,18,17,7,6,18,17,33,6,9,19,18,6,9,19,18,33,9,8,20,19,9,8,20,19,33,8,11,21,20,8,11,21,20,33,11,10,22,21,11,10,22,21,33,10,3,13,22,10,3,13,22,33,13,12,23,24,13,12,23,24,33,12,14,25,23,12,14,25,23,33,14,15,26,25,14,15,26,25,33,15,16,27,26,15,16,27,26,33,16,17,28,27,16,17,28,27,33,17,18,29,28,17,18,29,28,33,18,19,30,29,18,19,30,29,33,19,20,31,30,19,20,31,30,33,20,21,32,31,20,21,32,31,33,21,22,33,32,21,22,33,32,33,22,13,24,33,22,13,24,33,33,34,33,24,23,34,33,24,23,33,34,23,25,26,34,23,25,26,33,34,26,27,28,34,26,27,28,33,34,28,29,30,34,28,29,30,33,34,30,31,32,34,30,31,32,32,34,32,33,34,32,33],
    "metadata": {
        "vertices": 35,
        "uvs": 0,
        "normals": 35,
        "faces": 34,
        "generator": "io_three",
        "type": "Geometry",
        "version": 3
    },
    "name": "Cylinder052Geometry"
}