{
    "vertices": [-183.476,-0.315012,100.89,-182.459,-0.315013,112.512,-194.457,-0.315014,113.562,-195.473,-0.315012,101.94,-201.699,-0.315004,30.7845,-202.716,-0.315002,19.1625,-190.718,-0.315002,18.1128,-189.701,-0.315004,29.7348,-195.473,2.54299,101.94,-183.476,2.54299,100.89,-182.459,2.54299,112.512,-194.457,2.54299,113.562,-189.701,2.543,29.7348,-201.699,2.543,30.7845,-202.716,2.543,19.1625,-190.718,2.543,18.1128,-145.707,-0.315012,97.5858,-144.69,-0.315013,109.208,-156.688,-0.315013,110.257,-157.704,-0.315012,98.6355,-163.93,-0.315003,27.4801,-164.947,-0.315002,15.8581,-152.949,-0.315002,14.8085,-151.932,-0.315003,26.4304,-157.704,2.54299,98.6355,-145.707,2.54299,97.5858,-144.69,2.54299,109.208,-156.688,2.54299,110.257,-151.932,2.543,26.4304,-163.93,2.543,27.4801,-164.947,2.543,15.8581,-152.949,2.543,14.8085],
    "uvs": [],
    "normals": [0.524827,-0.577349,-0.625446,0.625446,-0.577349,0.524827,-0.524827,-0.577349,0.625446,-0.625446,-0.577349,-0.524827,-0.625446,0.577349,-0.524827,0.524827,0.577349,-0.625446,0.625446,0.577349,0.524827,-0.524827,0.577349,0.625446],
    "faces": [33,0,1,2,3,0,1,2,3,33,4,5,6,7,2,3,0,1,33,0,3,8,9,0,3,4,5,33,1,0,9,10,1,0,5,6,33,10,11,2,1,6,7,2,1,33,11,8,3,2,7,4,3,2,33,12,13,4,7,6,7,2,1,33,13,14,5,4,7,4,3,2,33,14,15,6,5,4,5,0,3,33,15,12,7,6,5,6,1,0,33,11,10,9,8,7,6,5,4,33,15,14,13,12,5,4,7,6,33,16,17,18,19,0,1,2,3,33,20,21,22,23,2,3,0,1,33,24,25,16,19,4,5,0,3,33,25,26,17,16,5,6,1,0,33,26,27,18,17,6,7,2,1,33,27,24,19,18,7,4,3,2,33,28,29,20,23,6,7,2,1,33,29,30,21,20,7,4,3,2,33,30,31,22,21,4,5,0,3,33,31,28,23,22,5,6,1,0,33,27,26,25,24,7,6,5,4,33,31,30,29,28,5,4,7,6],
    "metadata": {
        "vertices": 32,
        "uvs": 0,
        "normals": 8,
        "faces": 24,
        "generator": "io_three",
        "type": "Geometry",
        "version": 3
    },
    "name": "Object013Geometry"
}