{
    "vertices": [579.408,8.35692,-134.07,579.408,8.35693,-208.326,580.158,8.35693,-208.326,580.158,8.35692,-134.07,579.408,244.369,-134.07,580.158,244.369,-134.07,580.158,244.369,-208.326,579.408,244.369,-208.326,579.408,8.35692,-134.07,579.408,8.35693,-208.326,580.158,8.35693,-208.326,580.158,8.35692,-134.07,579.408,244.369,-134.07,580.158,244.369,-134.07,580.158,244.369,-208.326,579.408,244.369,-208.326,242.3,12.2457,94.6042,242.3,14.3489,94.6042,286.133,14.3489,94.6042,286.133,12.2457,94.6042,242.3,12.2457,118.474,286.133,12.2457,118.474,286.133,14.3489,118.474,242.3,14.3489,118.474],
    "uvs": [],
    "normals": [-0.577349,-0.577349,0.577349,-0.577349,-0.577349,-0.577349,0.577349,-0.577349,-0.577349,0.577349,-0.577349,0.577349,-0.577349,0.577349,0.577349,0.577349,0.577349,0.577349,0.577349,0.577349,-0.577349,-0.577349,0.577349,-0.577349],
    "faces": [33,0,1,2,3,0,1,2,3,33,4,5,6,7,4,5,6,7,33,0,3,5,4,0,3,5,4,33,3,2,6,5,3,2,6,5,33,2,1,7,6,2,1,7,6,33,1,0,4,7,1,0,4,7,33,8,9,10,11,0,1,2,3,33,12,13,14,15,4,5,6,7,33,8,11,13,12,0,3,5,4,33,11,10,14,13,3,2,6,5,33,10,9,15,14,2,1,7,6,33,9,8,12,15,1,0,4,7,33,16,17,18,19,1,7,6,2,33,20,21,22,23,0,3,5,4,33,16,19,21,20,1,2,3,0,33,19,18,22,21,2,6,5,3,33,18,17,23,22,6,7,4,5,33,17,16,20,23,7,1,0,4],
    "metadata": {
        "vertices": 24,
        "uvs": 0,
        "normals": 8,
        "faces": 18,
        "generator": "io_three",
        "type": "Geometry",
        "version": 3
    },
    "name": "Box040Geometry"
}