{
    "uvs": [],
    "faces": [33,0,1,2,3,0,1,1,0,33,1,4,5,2,1,2,2,1,33,4,6,7,5,2,3,3,2,33,6,8,9,7,3,4,4,3,33,8,10,11,9,4,5,5,4,33,10,12,13,11,5,6,6,5,33,12,14,15,13,6,7,7,6,33,14,16,17,15,7,8,8,7,33,16,18,19,17,8,9,9,8,33,18,20,21,19,9,10,10,9,33,20,22,23,21,10,11,11,10,33,22,24,25,23,11,12,12,11,33,24,26,27,25,12,13,13,12,33,26,28,29,27,13,14,14,13,33,28,30,31,29,14,15,15,14,33,30,32,33,31,15,16,16,15,33,32,34,35,33,16,17,17,16,33,34,36,37,35,17,18,18,17,33,36,38,39,37,18,19,19,18,33,38,40,41,39,19,20,20,19,33,40,42,43,41,20,21,21,20,33,42,44,45,43,21,22,22,21,33,44,46,47,45,22,23,23,22,33,46,48,49,47,23,24,24,23,33,48,50,51,49,24,25,25,24,33,50,52,53,51,25,26,26,25,33,52,54,55,53,26,27,27,26,33,54,0,3,55,27,0,0,27],
    "name": "CUERO_N_01Geometry",
    "vertices": [555.146,62.1889,132.501,555.527,62.1889,132.457,555.527,85.0504,132.457,555.146,85.0504,132.501,555.877,62.1889,132.332,555.877,85.0504,132.332,556.186,62.1889,132.136,556.186,85.0504,132.136,556.443,62.1889,131.878,556.443,85.0504,131.878,556.64,62.1889,131.569,556.64,85.0504,131.569,556.765,62.1889,131.219,556.765,85.0504,131.22,556.809,62.1889,130.839,556.809,85.0504,130.839,556.765,62.1889,130.458,556.765,85.0504,130.458,556.64,62.1889,130.108,556.64,85.0504,130.108,556.443,62.1889,129.799,556.443,85.0504,129.799,556.186,62.1889,129.541,556.186,85.0504,129.541,555.877,62.1889,129.345,555.877,85.0504,129.345,555.527,62.1889,129.22,555.527,85.0504,129.22,555.146,62.1889,129.176,555.146,85.0504,129.176,554.765,62.1889,129.22,554.765,85.0504,129.22,554.415,62.1889,129.345,554.415,85.0504,129.345,554.107,62.1889,129.541,554.107,85.0504,129.541,553.849,62.1889,129.799,553.849,85.0504,129.799,553.653,62.1889,130.108,553.653,85.0504,130.108,553.527,62.1889,130.458,553.527,85.0504,130.458,553.484,62.1889,130.839,553.484,85.0504,130.839,553.527,62.1889,131.219,553.527,85.0504,131.22,553.653,62.1889,131.569,553.653,85.0504,131.569,553.849,62.1889,131.878,553.849,85.0504,131.878,554.107,62.1889,132.136,554.107,85.0504,132.136,554.415,62.1889,132.332,554.415,85.0504,132.332,554.765,62.1889,132.457,554.765,85.0504,132.457],
    "metadata": {
        "generator": "io_three",
        "uvs": 0,
        "faces": 28,
        "type": "Geometry",
        "vertices": 56,
        "version": 3,
        "normals": 28
    },
    "normals": [0,0,1,0.227302,0,0.973815,0.439558,0,0.89819,0.62569,0,0.780053,0.780084,0,0.625629,0.89819,0,0.439558,0.973815,0,0.227271,1,0,0,0.973815,0,-0.227271,0.89819,0,-0.439558,0.780145,0,-0.625568,0.625782,0,-0.779962,0.439528,0,-0.89819,0.227149,0,-0.973846,0,0,-1,-0.22721,0,-0.973815,-0.439619,0,-0.89816,-0.62569,0,-0.780053,-0.780023,0,-0.625721,-0.89819,0,-0.439558,-0.973846,0,-0.227119,-1,0,0,-0.973846,0,0.227119,-0.89819,0,0.439558,-0.779992,0,0.625782,-0.625599,0,0.780114,-0.439619,0,0.89816,-0.227332,0,0.973785]
}