{
    "normals": [-0.341533,0.875576,-0.341563,-0.341563,0.875576,0.341563,0.341624,0.875515,0.341594,0.341594,0.875546,-0.341594,0,0,1,0.382641,0,0.923887,0.368084,0.434828,0.821833,-0.382641,0,0.923887,0,0.382672,0.923856,0.017487,0.534532,0.844935,-0.368084,0.434828,0.821833,0.923856,0,0.382702,0.923856,0,-0.382702,0.821833,0.434828,-0.368084,0.821833,0.434858,0.368053,0,0,-1,-0.382641,0,-0.923887,-0.40025,0.418012,-0.815485,0.382641,0,-0.923887,0,0.382672,-0.923856,-0.020173,0.531785,-0.846614,0.368053,0.434828,-0.821833,-0.923856,0,-0.382702,-0.923856,0,0.382702,-0.821833,0.434828,0.368053,-0.871761,0.398541,-0.284921,0,1,0,0.341624,0.875546,0.341594,-0.056001,0.929014,0.365703,0,0.923856,0.382672,-0.107913,0.963103,-0.246467,0.099185,0.958281,-0.268044,0.005707,0.999939,-0.009369,-0.211219,0.970367,0.117313,-0.24659,0.963073,-0.107913,0.028596,0.940642,-0.338084,0,0.923856,-0.382672,0.085635,0.95233,0.292703,-0.091433,0.954711,0.28309,-0.039521,0.998169,0.045228,0.22544,0.967528,-0.114139,0.202216,0.972076,0.1189,0.089206,0.920194,0.381146,0.381115,0.920194,0.089114,0.381115,0.920194,-0.089175,0.089175,0.920194,-0.381146,-0.056703,0.924161,-0.377697,-0.024018,0.994629,-0.100497,-0.267434,0.916745,-0.29664,0.091403,0.954711,0.283059,-0.087405,0.953063,0.289865,-0.382672,0.923856,-0.005188,-0.381146,0.920194,0.089145,0.246529,0.963103,-0.107883,0.211188,0.970367,0.117283,-0.089206,0.920194,0.381146,0.121616,0.925871,0.357707,-0.10239,0.959899,-0.260872,0.107883,0.963103,-0.246498,0.000549,0.997681,0.067965,-0.20484,0.971587,0.118442,-0.232368,0.966094,-0.112308,0.323985,0.454115,-0.82992,-0.327647,0.456557,-0.827143,-0.341533,0.341624,-0.875546,0.341563,0.341563,-0.875576,-0.827204,0.456496,-0.327586,-0.822474,0.460128,0.334269,-0.875546,0.341594,0.341563,-0.875546,0.341624,-0.341563,-0.321512,0.452193,0.831935,0.319895,0.45085,0.833277,0.341594,0.341533,0.875576,-0.341563,0.341594,0.875546,0.821192,0.461104,0.336131,0.824396,0.458724,-0.331462,0.875576,0.341533,-0.341594,0.875576,0.341502,0.341563,-0.320383,0.451277,0.83285,0.321482,0.452223,0.831904,0.822474,0.460189,0.334269,0.827174,0.456526,-0.327616,0.327647,0.456557,-0.827143,-0.325175,0.454939,-0.829005,-0.825282,0.458052,-0.33018,-0.821528,0.460921,0.335551],
    "name": "Box324Geometry",
    "faces": [33,0,1,2,3,0,1,2,3,33,4,5,6,7,4,5,6,4,33,8,7,6,9,7,4,6,8,33,8,9,10,11,7,8,9,10,33,12,13,14,15,11,12,13,14,33,16,17,18,19,15,16,17,15,33,20,19,18,21,18,15,17,19,33,20,21,22,23,18,19,20,21,33,24,25,26,27,22,23,24,25,33,28,29,30,31,26,26,26,26,33,32,33,34,35,27,3,0,1,33,36,37,38,39,28,29,30,31,33,40,41,42,43,26,32,33,34,33,44,45,46,47,35,36,37,38,33,48,49,50,51,26,39,40,41,33,52,53,54,55,29,42,26,26,33,56,57,58,59,43,44,26,26,33,60,61,62,63,45,46,26,26,33,64,65,66,67,47,26,26,26,33,68,69,70,71,36,48,49,50,33,72,73,74,75,51,52,53,54,33,76,77,78,79,55,56,57,58,33,80,81,82,83,59,26,60,61,33,84,85,86,87,62,63,64,65,33,88,89,90,91,66,67,68,69,33,92,93,94,95,70,71,72,73,33,96,97,98,99,74,75,76,77,33,100,101,102,103,78,79,72,73,33,104,105,106,107,80,81,76,77,33,108,109,110,111,82,83,64,65,33,112,113,114,115,84,85,68,69,33,11,76,73,26,10,55,52,24,33,15,56,53,6,14,43,42,6,33,27,72,69,18,25,51,48,17,33,23,60,57,14,21,45,44,13,33,10,36,49,80,9,28,39,59,32,10,80,77,9,59,56,33,52,65,40,37,29,26,26,29,32,52,37,9,29,29,8,33,22,44,41,64,20,35,32,47,32,22,64,61,20,47,46,33,68,81,48,45,36,26,26,36,32,68,45,21,36,36,19,33,39,84,97,50,31,62,75,40,33,43,88,85,38,34,66,63,30,33,47,92,89,42,38,70,67,33,33,51,96,93,46,41,74,71,37,32,55,31,66,26,26,26,32,59,28,54,26,26,26,32,63,29,58,26,26,26,32,67,30,62,26,26,26,33,71,100,113,82,50,78,85,60,33,75,104,101,70,54,80,79,49,33,79,108,105,74,58,82,81,53,33,83,112,109,78,61,84,83,57,32,87,3,98,65,3,76,32,91,0,86,69,0,64,32,95,1,90,73,1,68,32,99,2,94,77,2,72,32,103,35,114,73,1,68,32,107,32,102,77,27,72,32,111,33,106,65,3,76,32,115,34,110,69,0,64,33,76,11,10,77,55,10,9,56,33,56,15,14,57,43,14,13,44,33,60,23,22,61,45,21,20,46,33,72,27,26,73,51,25,24,52,33,5,12,15,6,5,11,14,6,33,11,26,25,8,10,24,23,7,33,13,20,23,14,12,18,21,13,33,17,24,27,18,16,22,25,17,33,36,10,9,37,28,9,8,29,33,52,9,6,53,29,8,6,42,33,44,22,21,45,35,20,19,36,33,68,21,18,69,36,19,17,48,33,40,65,64,41,26,26,47,32,33,48,81,80,49,26,26,59,39,33,49,36,39,50,39,28,31,40,33,37,40,43,38,29,26,34,30,33,41,44,47,42,32,35,38,33,33,45,48,51,46,36,26,41,37,33,84,39,38,85,62,31,30,63,33,88,43,42,89,66,34,33,67,33,92,47,46,93,70,38,37,71,33,96,51,50,97,74,41,40,75,33,65,52,55,66,26,29,26,26,33,53,56,59,54,42,43,26,26,33,57,60,63,58,44,45,26,26,33,61,64,67,62,46,47,26,26,33,31,55,54,28,26,26,26,26,33,28,59,58,29,26,26,26,26,33,29,63,62,30,26,26,26,26,33,30,67,66,31,26,26,26,26,33,81,68,71,82,26,36,50,60,33,69,72,75,70,48,51,54,49,33,73,76,79,74,52,55,58,53,33,77,80,83,78,56,59,61,57,33,100,71,70,101,78,50,49,79,33,104,75,74,105,80,54,53,81,33,108,79,78,109,82,58,57,83,33,112,83,82,113,84,61,60,85,33,86,0,3,87,64,0,3,65,33,0,91,90,1,0,69,68,1,33,1,95,94,2,1,73,72,2,33,2,99,98,3,2,77,76,3,33,97,84,87,98,75,62,65,76,33,85,88,91,86,63,66,69,64,33,89,92,95,90,67,70,73,68,33,93,96,99,94,71,74,77,72,33,35,103,102,32,1,73,72,27,33,32,107,106,33,27,77,76,3,33,33,111,110,34,3,65,64,0,33,34,115,114,35,0,69,68,1,33,113,100,103,114,85,78,73,68,33,101,104,107,102,79,80,77,72,33,105,108,111,106,81,82,65,76,33,109,112,115,110,83,84,69,64],