{
    "uvs": [],
    "faces": [33,0,1,2,3,0,1,2,3,33,4,5,6,7,4,5,6,7,33,8,9,10,11,8,9,10,11,33,12,13,14,15,12,13,14,15,33,3,2,13,12,3,2,13,12,33,1,0,11,10,1,0,11,10,33,16,17,18,19,16,17,18,19,33,7,6,17,16,7,6,17,16,33,5,4,9,8,5,4,9,8,33,20,21,22,23,20,21,22,23,33,24,25,26,27,24,25,26,27,33,20,23,15,14,20,23,15,14,33,23,22,12,15,23,22,12,15,33,21,20,14,13,21,20,14,13,33,24,27,19,18,24,27,19,18,33,27,26,16,19,27,26,16,19,33,25,24,18,17,25,24,18,17,33,22,21,26,25,22,21,26,25,33,6,0,25,17,6,0,25,17,33,8,0,6,5,8,0,6,5,32,8,11,0,8,11,0,33,25,0,3,12,25,0,3,12,32,25,12,22,25,12,22,33,21,13,2,4,21,13,2,4,33,2,1,10,4,2,1,10,4,32,10,9,4,10,9,4,33,21,4,7,16,21,4,7,16,32,21,16,26,21,16,26],
    "name": "Box845Geometry",
    "vertices": [627.498,158.213,263.252,642.966,158.213,267.397,642.92,158.441,267.567,627.452,158.441,263.423,642.966,160.455,267.397,627.498,160.455,263.252,627.452,160.227,263.423,642.92,160.227,267.567,627.56,160.455,263.017,643.029,160.455,267.162,643.029,158.213,267.162,627.56,158.213,263.017,627.406,158.213,263.593,642.875,158.213,267.737,640.061,158.213,278.239,624.593,158.213,274.094,642.875,160.455,267.737,627.406,160.455,263.593,624.593,160.455,274.094,640.061,160.455,278.239,640.061,158.482,278.239,642.844,158.454,267.852,627.375,158.454,263.707,624.593,158.482,274.094,624.593,160.186,274.094,627.375,160.213,263.707,642.844,160.213,267.852,640.061,160.186,278.239],
    "metadata": {
        "generator": "io_three",
        "uvs": 0,
        "faces": 28,
        "type": "Geometry",
        "vertices": 28,
        "version": 3,
        "normals": 28
    },
    "normals": [-0.688375,-0.704367,0.173132,0.509629,-0.704306,0.494156,0.900906,-0.360942,0.240974,-0.545793,-0.824915,-0.146794,0.50972,0.704337,0.494034,-0.688345,0.704428,0.172979,-0.900723,0.360851,-0.241676,0.546007,0.825007,0.145604,-0.408155,0.577288,-0.707175,0.707083,0.577349,-0.408246,0.707083,-0.57738,-0.408155,-0.408216,-0.577319,-0.707114,-0.509201,-0.704215,-0.494736,0.688437,-0.704154,-0.173711,0.408216,-0.577349,0.707083,-0.707053,-0.57741,0.408216,0.688467,0.704184,-0.173559,-0.509262,0.704276,-0.494583,-0.707053,0.57741,0.408216,0.408246,0.577349,0.707083,0.408277,0.578143,0.706412,0.796258,0.301431,0.524461,-0.951842,0.301431,0.055666,-0.706839,0.578082,0.407636,-0.706809,-0.578082,0.407636,-0.951842,-0.301309,0.056246,0.796136,-0.301431,0.524674,0.408277,-0.578143,0.706412]
}