{
    "uvs": [],
    "faces": [33,0,1,2,3,0,1,2,3,33,4,5,6,7,4,5,6,7,33,8,9,10,11,8,9,10,11,33,12,13,14,15,12,13,14,15,33,3,2,13,12,3,2,13,12,33,1,0,11,10,1,0,11,10,33,16,17,18,19,16,17,18,19,33,7,6,17,16,7,6,17,16,33,5,4,9,8,5,4,9,8,33,20,21,22,23,20,21,22,23,33,24,25,26,27,24,25,26,27,33,20,23,15,14,20,23,15,14,33,23,22,12,15,23,22,12,15,33,21,20,14,13,21,20,14,13,33,24,27,19,18,24,27,19,18,33,27,26,16,19,27,26,16,19,33,25,24,18,17,25,24,18,17,33,22,21,26,25,22,21,26,25,33,6,0,25,17,6,0,25,17,33,8,0,6,5,8,0,6,5,32,8,11,0,8,11,0,33,25,0,3,12,25,0,3,12,32,25,12,22,25,12,22,33,21,13,2,4,21,13,2,4,33,2,1,10,4,2,1,10,4,32,10,9,4,10,9,4,33,21,4,7,16,21,4,7,16,32,21,16,26,21,16,26],
    "name": "Box841Geometry",
    "vertices": [635.095,93.658,292.436,635.095,114.785,292.436,634.862,114.785,292.135,634.862,93.658,292.135,635.095,114.785,289.479,635.095,93.658,289.479,634.862,93.658,289.78,634.862,114.785,289.78,635.415,93.658,289.479,635.415,114.785,289.479,635.415,114.785,292.436,635.415,93.658,292.436,634.629,93.658,292.436,634.629,114.785,292.436,620.286,114.785,292.436,620.286,93.658,292.436,634.629,114.785,289.479,634.629,93.658,289.479,620.286,93.658,289.479,620.286,114.785,289.479,620.286,114.785,292.081,634.473,114.785,292.118,634.473,93.658,292.118,620.286,93.658,292.081,620.286,93.658,289.833,634.473,93.658,289.797,634.473,114.785,289.797,620.286,114.785,289.833],
    "metadata": {
        "generator": "io_three",
        "uvs": 0,
        "faces": 28,
        "type": "Geometry",
        "vertices": 28,
        "version": 3,
        "normals": 28
    },
    "normals": [-0.345286,-0.620136,0.704367,-0.345286,0.620136,0.704367,0.000275,0.932585,0.360942,0.000671,-0.565142,0.824976,-0.345347,0.620136,-0.704367,-0.345347,-0.620136,-0.704367,0.000275,-0.932615,-0.360851,0.000671,0.565111,-0.824976,0.577349,-0.577349,-0.577349,0.577349,0.577349,-0.577349,0.577349,0.577349,0.577349,0.577349,-0.577349,0.577349,0.345927,-0.620014,0.704184,0.345897,0.620014,0.704184,-0.577349,0.577349,0.577349,-0.577349,-0.577349,0.577319,0.345958,0.620014,-0.704154,0.345958,-0.620014,-0.704154,-0.577349,-0.577349,-0.577319,-0.577349,0.577349,-0.577349,-0.576647,0.577197,-0.578143,-0.300668,0.904813,-0.301431,-0.300668,-0.904813,-0.301431,-0.576647,-0.577197,-0.578143,-0.576647,-0.577197,0.578143,-0.300668,-0.904813,0.301431,-0.300668,0.904813,0.301431,-0.576678,0.577197,0.578143]
}