{
    "vertices": [583.794,6.70142,-130.707,581.649,6.70142,-130.707,581.649,244.666,-130.707,583.794,244.666,-130.707,583.794,6.70141,-50.1782,581.649,6.70141,-50.1782,581.649,244.666,-50.1782,583.794,244.666,-50.1782,581.649,242.673,-126.438,581.649,242.673,-54.4476,581.649,8.35692,-126.438,581.649,8.35691,-54.4476,583.794,8.35692,-126.438,583.794,8.35691,-54.4476,583.794,242.673,-126.438,583.794,242.673,-54.4476,583.794,6.70142,-130.707,581.649,6.70142,-130.707,581.649,244.666,-130.707,583.794,244.666,-130.707,583.794,6.70141,-50.1781,581.649,6.70141,-50.1781,581.649,244.666,-50.1781,583.794,244.666,-50.1781,581.649,242.673,-126.438,581.649,242.673,-54.4476,581.649,8.35692,-126.438,581.649,8.35691,-54.4476,583.794,8.35692,-126.438,583.794,8.35691,-54.4476,583.794,242.673,-126.438,583.794,242.673,-54.4476,233.934,90.1184,119.455,204.39,90.1184,119.455,204.39,90.1184,96.5899,233.934,90.1184,96.5899,233.934,90.6684,119.455,233.934,90.6684,96.5899,204.39,90.6684,96.5899,204.39,90.6684,119.455],
    "uvs": [],
    "normals": [0.577349,-0.577349,-0.577349,-0.577349,-0.577319,-0.577349,-0.577349,0.577319,-0.577349,0.577349,0.577349,-0.577349,0.577349,-0.577349,0.577349,-0.577349,-0.577319,0.577349,-0.577349,0.577319,0.577349,0.577349,0.577349,0.577349,-0.904508,-0.301523,0.301492,-0.904508,-0.301523,-0.301492,-0.904508,0.301523,0.301492,-0.904508,0.301523,-0.301492,0.904508,0.301492,0.301492,0.904508,0.301492,-0.301492,0.904508,-0.301492,0.301492,0.904508,-0.301492,-0.301492,-0.577319,-0.577349,-0.577319,-0.577319,0.577349,-0.577319,-0.577319,-0.577349,0.577319,-0.577319,0.577349,0.577319,-0.904508,-0.301492,0.301492,-0.904508,-0.301492,-0.301492,-0.904538,0.301492,0.301492,-0.904538,0.301492,-0.301492,-0.577349,-0.577349,0.577349,-0.577349,-0.577349,-0.577349,-0.577349,0.577349,-0.577349,-0.577349,0.577349,0.577349],
    "faces": [33,0,1,2,3,0,1,2,3,33,1,0,4,5,1,0,4,5,33,3,2,6,7,3,2,6,7,33,7,6,5,4,7,6,5,4,33,6,2,8,9,6,2,8,9,33,2,1,10,8,2,1,10,8,33,1,5,11,10,1,5,11,10,33,5,6,9,11,5,6,9,11,33,4,0,12,13,4,0,12,13,33,0,3,14,12,0,3,14,12,33,3,7,15,14,3,7,15,14,33,7,4,13,15,7,4,13,15,33,10,11,13,12,10,11,13,12,33,9,8,14,15,9,8,14,15,33,15,13,11,9,15,13,11,9,33,12,14,8,10,12,14,8,10,33,16,17,18,19,0,16,17,3,33,17,16,20,21,16,0,4,18,33,19,18,22,23,3,17,19,7,33,23,22,21,20,7,19,18,4,33,22,18,24,25,19,17,20,21,33,18,17,26,24,17,16,22,20,33,17,21,27,26,16,18,23,22,33,21,22,25,27,18,19,21,23,33,20,16,28,29,4,0,12,13,33,16,19,30,28,0,3,14,12,33,19,23,31,30,3,7,15,14,33,23,20,29,31,7,4,13,15,33,26,27,29,28,22,23,13,12,33,25,24,30,31,21,20,14,15,33,31,29,27,25,15,13,23,21,33,28,30,24,26,12,14,20,22,33,32,33,34,35,4,24,25,0,33,36,37,38,39,7,3,26,27,33,32,35,37,36,4,0,3,7,33,35,34,38,37,0,25,26,3,33,34,33,39,38,25,24,27,26,33,33,32,36,39,24,4,7,27],
    "metadata": {
        "vertices": 40,
        "uvs": 0,
        "normals": 28,
        "faces": 38,
        "generator": "io_three",
        "type": "Geometry",
        "version": 3
    },
    "name": "Box044Geometry"
}