{
    "vertices": [-210.107,250,-193.274,-210.107,2.3e-05,-193.274,-210.117,2.3e-05,-192.842,-210.117,250,-192.842,-203.109,250,-193.115,-203.109,2.3e-05,-193.115,-210.073,250,-192.412,-210.073,2.3e-05,-192.412,-194.027,105.457,-103.123,-194.027,1.2e-05,-103.123,-203.109,105.457,-193.115,-200.991,1.2e-05,-102.42,-200.991,105.457,-102.42,-210.073,105.457,-192.412,-209.56,250,-217.334,-209.56,2.6e-05,-217.334,-202.562,2.6e-05,-217.175,-202.562,250,-217.175],
    "uvs": [],
    "normals": [-0.658925,0.666646,-0.348369,-0.658925,-0.666646,-0.348369,-0.719901,-0.693472,0.028047,-0.719901,0.693472,0.028016,0.721152,0.692648,0.011505,0.65276,-0.672536,-0.348613,-0.516434,0.577349,0.632374,-0.703513,-0.707083,0.070986,0.632374,0.577349,0.516465,0.632374,-0.577349,0.516465,0.516434,0.577349,-0.632405,-0.516434,-0.577349,0.632374,-0.632405,0.577349,-0.516434,-0.564074,0.577349,-0.590289,-0.564074,-0.577349,-0.590289,0.590289,-0.577349,-0.564074,0.590289,0.577349,-0.564074],
    "faces": [33,0,1,2,3,0,1,2,3,33,1,0,4,5,1,0,4,5,33,6,7,5,4,6,7,5,4,33,3,2,7,6,3,2,7,6,33,4,0,3,6,4,0,3,6,33,5,7,2,1,5,7,2,1,33,8,9,5,10,8,9,5,10,33,9,11,7,5,9,11,7,5,33,11,12,13,7,11,6,12,7,33,12,8,10,13,6,8,10,12,33,5,7,13,10,5,7,12,10,33,8,12,11,9,8,6,11,9,33,1,0,14,15,1,0,13,14,33,15,16,5,1,14,15,5,1,33,16,17,4,5,15,16,4,5,33,0,4,17,14,0,4,16,13,33,16,15,14,17,15,14,13,16],
    "metadata": {
        "vertices": 18,
        "uvs": 0,
        "normals": 17,
        "faces": 17,
        "generator": "io_three",
        "type": "Geometry",
        "version": 3
    },
    "name": "Wall033Geometry"
}