{
    "uvs": [],
    "faces": [33,0,1,2,3,0,1,2,3,33,4,5,6,7,4,5,6,7,33,0,3,5,4,0,3,5,4,33,3,2,6,5,3,2,6,5,33,2,1,7,6,2,1,7,6,33,1,0,4,7,1,0,4,7],
    "name": "Box842Geometry",
    "vertices": [620.422,90.174,293.316,620.422,90.1741,268.316,645.422,90.1741,268.316,645.422,90.1741,293.316,620.422,93.674,293.316,645.422,93.6741,293.316,645.422,93.6741,268.316,620.422,93.6741,268.316],
    "metadata": {
        "generator": "io_three",
        "uvs": 0,
        "faces": 6,
        "type": "Geometry",
        "vertices": 8,
        "version": 3,
        "normals": 8
    },
    "normals": [-0.577349,-0.577349,0.577349,-0.577349,-0.577349,-0.577349,0.577349,-0.577349,-0.577349,0.577349,-0.577349,0.577349,-0.577349,0.577319,0.577349,0.577349,0.577349,0.577349,0.577349,0.577349,-0.577349,-0.577349,0.577349,-0.577349]
}