{
    "normals": [-0.577349,-0.577349,0.577349,-0.577349,-0.577349,-0.577349,0.577349,-0.577349,-0.577349,0.577349,-0.577349,0.577349,-0.577349,0.577349,0.577349,0.577349,0.577349,0.577349,0.577349,0.577349,-0.577349,-0.577349,0.577349,-0.577349],
    "name": "Box333Geometry",
    "faces": [33,0,1,2,3,0,1,2,3,33,4,5,6,7,4,5,6,7,33,0,3,5,4,0,3,5,4,33,3,2,6,5,3,2,6,5,33,2,1,7,6,2,1,7,6,33,1,0,4,7,1,0,4,7],
    "vertices": [452.25,-0.060075,-212.353,452.25,-0.060074,-214.294,494.396,-0.060074,-214.294,494.396,-0.060075,-212.353,452.25,250.432,-212.353,494.396,250.432,-212.353,494.396,250.432,-214.294,452.25,250.432,-214.294],
    "metadata": {
        "normals": 8,
        "generator": "io_three",
        "faces": 6,
        "version": 3,
        "vertices": 8,
        "uvs": 0,
        "type": "Geometry"
    },
    "uvs": []
}