{
    "metadata": {
        "generator": "io_three",
        "normals": 77,
        "vertices": 77,
        "faces": 78,
        "type": "Geometry",
        "version": 3,
        "uvs": 0
    },
    "name": "Cylinder110Geometry",
    "normals": [0.584582,-0.719077,-0.375683,0.384075,-0.889676,-0.246834,0.456557,-0.889676,0,0.694906,-0.719077,0,0.288675,-0.719077,-0.632099,0.189642,-0.889676,-0.415296,-0.09888,-0.719077,-0.687826,-0.064974,-0.889676,-0.451918,-0.455061,-0.719077,-0.525163,-0.298959,-0.889676,-0.345042,-0.666768,-0.719077,-0.195776,-0.438063,-0.889676,-0.128605,-0.666768,-0.719077,0.195776,-0.438063,-0.889676,0.128605,-0.455061,-0.719077,0.525163,-0.298959,-0.889676,0.345042,-0.09888,-0.719077,0.687826,-0.064974,-0.889676,0.451918,0.288675,-0.719077,0.632099,0.189673,-0.889676,0.415296,0.584582,-0.719077,0.375683,0.384075,-0.889676,0.246834,-0.564898,0.740959,0.363048,-0.278939,0.740959,0.610828,0.095553,0.740959,0.664663,0.644307,0.740959,0.189184,0.439741,0.740959,0.507492,0.644307,0.740989,-0.189184,0.439741,0.740989,-0.507492,-0.278939,0.740989,-0.610797,0.095553,0.740989,-0.664663,-0.564898,0.740959,-0.363048,-0.671499,0.740959,0,0.200873,0.979583,0,0.169012,0.979583,-0.108615,-0.58388,0.719901,0.375225,-0.694052,0.719901,0,0.083438,0.979583,-0.182745,-0.288308,0.719901,0.631336,-0.028565,0.979583,-0.198859,0.098758,0.719901,0.686972,-0.131565,0.979583,-0.15183,0.454512,0.719901,0.524522,-0.192755,0.979583,-0.056581,0.665944,0.719901,0.195532,-0.192755,0.979583,0.056581,0.665944,0.719901,-0.195532,-0.131565,0.979583,0.15183,0.454482,0.719901,-0.524522,-0.028565,0.979583,0.198859,0.098758,0.719901,-0.686972,0.083438,0.979583,0.182745,-0.288308,0.719901,-0.631306,0.168981,0.979583,0.108585,-0.58388,0.719901,-0.375225,0.787317,0.352275,-0.505966,0.935881,0.352245,0,0.634388,-0.772973,0,0.533708,-0.772973,-0.342967,0.388775,0.352275,-0.851314,0.263527,-0.772973,-0.577074,-0.133183,0.352245,-0.926359,-0.090274,-0.772973,-0.627949,-0.612873,0.352245,-0.707297,-0.415448,-0.772973,-0.479446,-0.897977,0.352275,-0.26368,-0.608722,-0.772973,-0.178716,-0.897977,0.352245,0.263649,-0.608722,-0.772973,0.178716,-0.612873,0.352245,0.707297,-0.415448,-0.772973,0.479446,-0.133183,0.352245,0.926359,-0.090274,-0.772973,0.627949,0.388775,0.352245,0.851314,0.263527,-0.772973,0.577074,0.787317,0.352275,0.505966,0.533708,-0.772973,0.342967],
    "vertices": [-275.819,-0.060095,-39.4819,-274.214,9.6739,-40.5137,-273.189,9.6739,-37.0227,-275.097,-0.060096,-37.0227,-277.756,-0.060095,-41.1603,-276.963,9.6739,-42.8963,-280.293,-0.060095,-41.5251,-280.565,9.6739,-43.414,-282.624,-0.060095,-40.4604,-283.874,9.6739,-41.9026,-284.01,-0.060095,-38.3042,-285.841,9.6739,-38.8419,-284.01,-0.060096,-35.7412,-285.841,9.6739,-35.2036,-282.624,-0.060096,-33.5851,-283.874,9.6739,-32.1428,-280.293,-0.060096,-32.5204,-280.565,9.6739,-30.6314,-277.756,-0.060096,-32.8851,-276.963,9.6739,-31.1492,-275.819,-0.060096,-34.5635,-274.214,9.6739,-33.5318,-275.095,9.1441,-39.947,-277.399,9.1441,-41.9429,-280.415,9.1441,-42.3766,-284.836,9.1441,-38.5466,-283.188,9.1441,-41.1106,-284.836,9.1441,-35.4988,-283.188,9.1441,-32.9349,-277.399,9.1441,-32.1026,-280.415,9.1441,-31.6688,-275.095,9.1441,-34.0984,-274.237,9.1441,-37.0227,-272.941,11.2351,-37.0227,-274.005,11.2351,-40.6477,-274.699,10.9388,-40.2017,-273.766,10.9388,-37.0227,-276.86,11.2351,-43.1218,-277.203,10.9388,-42.3713,-280.6,11.2351,-43.6595,-280.482,10.9388,-42.8428,-284.036,11.2351,-42.09,-283.496,10.9388,-41.4665,-286.079,11.2351,-38.9117,-285.287,10.9388,-38.6793,-286.079,11.2351,-35.1337,-285.287,10.9388,-35.3661,-284.036,11.2351,-31.9554,-283.496,10.9388,-32.5789,-280.6,11.2351,-30.3859,-280.482,10.9388,-31.2026,-276.86,11.2351,-30.9236,-277.203,10.9388,-31.6741,-274.005,11.2351,-33.3977,-274.699,10.9388,-33.8438,-273.478,10.8161,-40.9861,-272.315,10.8161,-37.0227,-272.563,9.5512,-37.0227,-273.687,9.5512,-40.852,-276.6,10.8161,-43.6911,-276.703,9.5512,-43.4656,-280.689,10.8161,-44.279,-280.654,9.55121,-44.0335,-284.446,10.8161,-42.563,-284.284,9.5512,-42.3756,-286.68,10.8161,-39.0881,-286.442,9.5512,-39.0182,-286.68,10.8161,-34.9574,-286.442,9.5512,-35.0272,-284.446,10.8161,-31.4824,-284.284,9.5512,-31.6698,-280.689,10.8161,-29.7664,-280.654,9.5512,-30.0119,-276.6,10.8161,-30.3543,-276.703,9.5512,-30.5799,-273.478,10.8161,-33.0593,-273.687,9.5512,-33.1934],
    "faces": [33,0,1,2,3,0,1,2,3,33,1,0,4,5,1,0,4,5,33,6,7,5,4,6,7,5,4,33,8,9,7,6,8,9,7,6,33,10,11,9,8,10,11,9,8,33,12,13,11,10,12,13,11,10,33,14,15,13,12,14,15,13,12,33,16,17,15,14,16,17,15,14,33,18,19,17,16,18,19,17,16,33,20,21,19,18,20,21,19,18,33,3,2,21,20,3,2,21,20,33,18,16,14,10,18,16,14,10,32,14,12,10,14,12,10,33,6,0,10,8,6,0,10,8,32,6,4,0,6,4,0,33,0,3,18,10,0,3,18,10,32,20,18,3,20,18,3,33,22,23,24,25,22,23,24,25,32,24,26,25,24,26,25,33,25,27,28,29,25,27,28,29,32,28,30,29,28,30,29,33,22,25,29,31,22,25,29,31,32,32,22,31,32,22,31,33,33,34,35,36,33,34,35,36,33,34,37,38,35,34,37,38,35,33,37,39,40,38,37,39,40,38,33,39,41,42,40,39,41,42,40,33,41,43,44,42,41,43,44,42,33,43,45,46,44,43,45,46,44,33,45,47,48,46,45,47,48,46,33,47,49,50,48,47,49,50,48,33,49,51,52,50,49,51,52,50,33,51,53,54,52,51,53,54,52,33,53,33,36,54,53,33,36,54,33,36,35,22,32,36,35,22,32,33,35,38,23,22,35,38,23,22,33,38,40,24,23,38,40,24,23,33,40,42,26,24,40,42,26,24,33,42,44,25,26,42,44,25,26,33,44,46,27,25,44,46,27,25,33,46,48,28,27,46,48,28,27,33,48,50,30,28,48,50,30,28,33,50,52,29,30,50,52,29,30,33,52,54,31,29,52,54,31,29,33,54,36,32,31,54,36,32,31,33,55,56,57,58,55,56,57,58,33,59,55,58,60,59,55,58,60,33,61,59,60,62,61,59,60,62,33,63,61,62,64,63,61,62,64,33,65,63,64,66,65,63,64,66,33,67,65,66,68,67,65,66,68,33,69,67,68,70,69,67,68,70,33,71,69,70,72,71,69,70,72,33,73,71,72,74,73,71,72,74,33,75,73,74,76,75,73,74,76,33,56,75,76,57,56,75,76,57,33,34,33,56,55,34,33,56,55,33,33,53,75,56,33,53,75,56,33,53,51,73,75,53,51,73,75,33,51,49,71,73,51,49,71,73,33,49,47,69,71,49,47,69,71,33,47,45,67,69,47,45,67,69,33,45,43,65,67,45,43,65,67,33,43,41,63,65,43,41,63,65,33,41,39,61,63,41,39,61,63,33,39,37,59,61,39,37,59,61,33,37,34,55,59,37,34,55,59,33,2,1,58,57,2,1,58,57,33,1,5,60,58,1,5,60,58,33,5,7,62,60,5,7,62,60,33,7,9,64,62,7,9,64,62,33,9,11,66,64,9,11,66,64,33,11,13,68,66,11,13,68,66,33,13,15,70,68,13,15,70,68,33,15,17,72,70,15,17,72,70,33,17,19,74,72,17,19,74,72,33,19,21,76,74,19,21,76,74,33,21,2,57,76,21,2,57,76],
    "uvs": []
}