{
    "vertices": [147.404,98.0671,-74.2526,155.983,116.18,-74.2525,156.241,116.058,-74.4737,147.662,97.9449,-74.4737,158.519,114.979,-74.2525,149.939,96.8659,-74.2526,149.681,96.9882,-74.4737,158.261,115.101,-74.4737,149.939,96.8659,-73.9485,158.519,114.979,-73.9485,155.983,116.18,-73.9485,147.404,98.0671,-73.9485,147.404,98.0671,-74.6942,155.983,116.18,-74.6942,155.983,116.18,-88.3007,147.404,98.0671,-88.3008,158.519,114.979,-74.6942,149.939,96.8659,-74.6942,149.939,96.8659,-88.3007,158.519,114.979,-88.3007,156.288,116.036,-88.3007,156.256,116.051,-74.8427,147.677,97.9377,-74.8427,147.708,97.923,-88.3008,149.635,97.0101,-88.3007,149.666,96.9953,-74.8427,158.246,115.108,-74.8427,158.215,115.123,-88.3007],
    "uvs": [],
    "normals": [-0.902036,-0.258889,-0.345347,-0.371014,0.861965,-0.345408,0.073,0.997314,0.000244,-0.987518,-0.157445,0.00058,0.902036,0.258919,-0.345317,0.371075,-0.861934,-0.345408,-0.073,-0.997314,0.000244,0.987487,0.157628,0.00058,0.274606,-0.768944,0.577288,0.768914,0.274606,0.577349,-0.274606,0.768944,0.577288,-0.768914,-0.274606,0.577349,-0.901822,-0.258889,0.345897,-0.370952,0.861782,0.345927,-0.274606,0.768883,-0.577349,-0.768914,-0.274636,-0.577319,0.901822,0.258889,0.345897,0.370922,-0.861812,0.345897,0.274575,-0.768944,-0.577319,0.768944,0.274606,-0.577319,0.769585,0.274148,-0.576647,0.65978,0.688711,-0.300577,-0.114872,-0.946745,-0.300699,0.275399,-0.769127,-0.576678,-0.769585,-0.274087,-0.576678,-0.65981,-0.68865,-0.300577,0.114902,0.946776,-0.300577,-0.275369,0.769127,-0.576678],
    "faces": [33,0,1,2,3,0,1,2,3,33,4,5,6,7,4,5,6,7,33,8,9,10,11,8,9,10,11,33,12,13,14,15,12,13,14,15,33,3,2,13,12,3,2,13,12,33,1,0,11,10,1,0,11,10,33,16,17,18,19,16,17,18,19,33,7,6,17,16,7,6,17,16,33,5,4,9,8,5,4,9,8,33,20,21,22,23,20,21,22,23,33,24,25,26,27,24,25,26,27,33,20,23,15,14,20,23,15,14,33,23,22,12,15,23,22,12,15,33,21,20,14,13,21,20,14,13,33,24,27,19,18,24,27,19,18,33,27,26,16,19,27,26,16,19,33,25,24,18,17,25,24,18,17,33,22,21,26,25,22,21,26,25,33,6,0,25,17,6,0,25,17,33,8,0,6,5,8,0,6,5,32,8,11,0,8,11,0,33,25,0,3,12,25,0,3,12,32,25,12,22,25,12,22,33,21,13,2,4,21,13,2,4,33,2,1,10,4,2,1,10,4,32,10,9,4,10,9,4,33,21,4,7,16,21,4,7,16,32,21,16,26,21,16,26],
    "metadata": {
        "vertices": 28,
        "uvs": 0,
        "normals": 28,
        "faces": 28,
        "generator": "io_three",
        "type": "Geometry",
        "version": 3
    },
    "name": "Box827Geometry"
}