{
    "vertices": [-308.65,122.173,-296.806,-308.65,123.285,-296.806,-307.863,122.959,-296.806,-307.538,122.173,-296.806,-309.762,122.173,-296.806,-309.437,122.959,-296.806,-308.65,121.061,-296.806,-309.437,121.386,-296.806,-307.863,121.386,-296.806,-307.863,122.959,-296.106,-307.538,122.173,-296.106,-308.65,123.285,-296.106,-309.437,122.959,-296.106,-309.762,122.173,-296.106,-309.437,121.386,-296.106,-308.65,121.061,-296.106,-307.863,121.386,-296.106,-307.863,122.959,-295.406,-307.538,122.173,-295.406,-308.65,123.285,-295.406,-309.437,122.959,-295.406,-309.762,122.173,-295.406,-309.437,121.386,-295.406,-308.65,121.061,-295.406,-307.863,121.386,-295.406,-308.65,122.173,-295.406,-308.65,122.173,-296.806,-308.65,123.285,-296.806,-307.863,122.959,-296.806,-307.538,122.173,-296.806,-309.762,122.173,-296.806,-309.437,122.959,-296.806,-308.65,121.061,-296.806,-309.437,121.386,-296.806,-307.863,121.386,-296.806,-307.863,122.959,-296.106,-307.538,122.173,-296.106,-308.65,123.285,-296.106,-309.437,122.959,-296.106,-309.762,122.173,-296.106,-309.437,121.386,-296.106,-308.65,121.061,-296.106,-307.863,121.386,-296.106,-307.863,122.959,-295.406,-307.538,122.173,-295.406,-308.65,123.285,-295.406,-309.437,122.959,-295.406,-309.762,122.173,-295.406,-309.437,121.386,-295.406,-308.65,121.061,-295.406,-307.863,121.386,-295.406,-308.65,122.173,-295.406],
    "uvs": [],
    "normals": [0,0,-1,0,0.77636,-0.630238,0.548967,0.548967,-0.630238,0.77636,0,-0.630238,-0.77636,0,-0.630268,-0.548967,0.548967,-0.630238,0,-0.77636,-0.630238,-0.548967,-0.548997,-0.630238,0.548967,-0.548967,-0.630268,0.707114,0.707083,0,1,0,0,0,1,0,-0.707083,0.707083,0,-1,0,0,-0.707083,-0.707114,0,0,-1,0,0.707083,-0.707083,0,0.548967,0.548967,0.630238,0.77636,0,0.630238,0,0.77636,0.630238,-0.548967,0.548967,0.630238,-0.77636,0,0.630238,-0.548967,-0.548967,0.630238,0,-0.77636,0.630238,0.548967,-0.548967,0.630238,0,0,1],
    "faces": [33,0,1,2,3,0,1,2,3,33,0,4,5,1,0,4,5,1,33,0,6,7,4,0,6,7,4,33,0,3,8,6,0,3,8,6,33,3,2,9,10,3,2,9,10,33,2,1,11,9,2,1,11,9,33,1,5,12,11,1,5,12,11,33,5,4,13,12,5,4,13,12,33,4,7,14,13,4,7,14,13,33,7,6,15,14,7,6,15,14,33,6,8,16,15,6,8,16,15,33,8,3,10,16,8,3,10,16,33,10,9,17,18,10,9,17,18,33,9,11,19,17,9,11,19,17,33,11,12,20,19,11,12,20,19,33,12,13,21,20,12,13,21,20,33,13,14,22,21,13,14,22,21,33,14,15,23,22,14,15,23,22,33,15,16,24,23,15,16,24,23,33,16,10,18,24,16,10,18,24,33,25,24,18,17,25,24,18,17,33,25,17,19,20,25,17,19,20,33,25,20,21,22,25,20,21,22,33,25,22,23,24,25,22,23,24,33,26,27,28,29,0,1,2,3,33,26,30,31,27,0,4,5,1,33,26,32,33,30,0,6,7,4,33,26,29,34,32,0,3,8,6,33,29,28,35,36,3,2,9,10,33,28,27,37,35,2,1,11,9,33,27,31,38,37,1,5,12,11,33,31,30,39,38,5,4,13,12,33,30,33,40,39,4,7,14,13,33,33,32,41,40,7,6,15,14,33,32,34,42,41,6,8,16,15,33,34,29,36,42,8,3,10,16,33,36,35,43,44,10,9,17,18,33,35,37,45,43,9,11,19,17,33,37,38,46,45,11,12,20,19,33,38,39,47,46,12,13,21,20,33,39,40,48,47,13,14,22,21,33,40,41,49,48,14,15,23,22,33,41,42,50,49,15,16,24,23,33,42,36,44,50,16,10,18,24,33,51,50,44,43,25,24,18,17,33,51,43,45,46,25,17,19,20,33,51,46,47,48,25,20,21,22,33,51,48,49,50,25,22,23,24],
    "metadata": {
        "vertices": 52,
        "uvs": 0,
        "normals": 26,
        "faces": 48,
        "generator": "io_three",
        "type": "Geometry",
        "version": 3
    },
    "name": "Cylinder027Geometry"
}