{
    "uvs": [],
    "faces": [33,0,1,2,3,0,1,2,3,33,4,5,6,7,4,5,6,7,33,8,9,10,11,8,9,10,11,33,12,13,14,15,12,13,14,15,33,16,17,18,19,16,17,18,19,33,20,21,22,23,20,21,22,23,33,24,25,26,27,24,25,26,27,33,28,29,30,31,28,29,30,31,33,32,33,34,35,32,33,34,35,33,36,37,38,39,36,37,38,39,33,40,41,42,43,40,41,42,43,33,44,45,46,47,44,45,46,47,33,48,49,50,51,48,49,50,51,33,52,53,54,55,52,53,54,55,33,56,57,58,59,56,57,58,59,33,60,61,62,63,60,61,62,63,33,64,65,66,67,64,65,66,67,33,68,69,70,71,68,69,70,71,33,72,73,74,75,72,73,74,75,33,76,77,78,79,76,77,78,79,33,80,81,82,83,80,81,82,83,33,84,85,86,87,84,85,86,87,33,8,21,24,37,8,21,24,37,33,36,33,12,9,36,33,12,9,33,20,17,28,25,20,17,28,25,33,32,29,16,13,32,29,16,13,33,11,56,69,22,11,56,69,22,33,15,60,57,10,15,60,57,10,33,23,68,65,18,23,68,65,18,33,19,64,61,14,19,64,61,14,33,27,40,53,38,27,40,53,38,33,31,44,41,26,31,44,41,26,33,35,48,45,30,35,48,45,30,33,39,52,49,34,39,52,49,34,32,43,0,54,43,0,54,32,47,1,42,47,1,42,32,51,2,46,51,2,46,32,55,3,50,55,3,50,33,59,72,85,70,59,72,85,70,33,63,76,73,58,63,76,73,58,33,67,80,77,62,67,80,77,62,33,71,84,81,66,71,84,81,66,32,75,4,86,75,4,86,32,79,5,74,79,5,74,32,83,6,78,83,6,78,32,87,7,82,87,7,82,33,24,21,20,25,24,21,20,25,33,28,17,16,29,28,17,16,29,33,32,13,12,33,32,13,12,33,33,36,9,8,37,36,9,8,37,33,56,11,10,57,56,11,10,57,33,60,15,14,61,60,15,14,61,33,64,19,18,65,64,19,18,65,33,68,23,22,69,68,23,22,69,33,9,12,15,10,9,12,15,10,33,11,22,21,8,11,22,21,8,33,13,16,19,14,13,16,19,14,33,17,20,23,18,17,20,23,18,33,40,27,26,41,40,27,26,41,33,44,31,30,45,44,31,30,45,33,48,35,34,49,48,35,34,49,33,52,39,38,53,52,39,38,53,33,37,24,27,38,37,24,27,38,33,25,28,31,26,25,28,31,26,33,29,32,35,30,29,32,35,30,33,33,36,39,34,33,36,39,34,33,0,43,42,1,0,43,42,1,33,1,47,46,2,1,47,46,2,33,2,51,50,3,2,51,50,3,33,54,0,3,55,54,0,3,55,33,53,40,43,54,53,40,43,54,33,41,44,47,42,41,44,47,42,33,45,48,51,46,45,48,51,46,33,49,52,55,50,49,52,55,50,33,72,59,58,73,72,59,58,73,33,76,63,62,77,76,63,62,77,33,80,67,66,81,80,67,66,81,33,84,71,70,85,84,71,70,85,33,69,56,59,70,69,56,59,70,33,57,60,63,58,57,60,63,58,33,61,64,67,62,61,64,67,62,33,65,68,71,66,65,68,71,66,33,4,75,74,5,4,75,74,5,33,5,79,78,6,5,79,78,6,33,6,83,82,7,6,83,82,7,33,7,87,86,4,7,87,86,4,33,85,72,75,86,85,72,75,86,33,73,76,79,74,73,76,79,74,33,77,80,83,78,77,80,83,78,33,81,84,87,82,81,84,87,82],
    "name": "Box329Geometry",
    "vertices": [369.231,-1.93881,109.768,339.1,-1.93879,-61.1155,459.951,-1.93879,-82.4247,490.082,-1.93881,88.4583,364.94,23.3289,115.896,496.211,23.3289,92.7497,464.242,23.3289,-88.5535,332.971,23.3289,-65.4069,362.578,5.47119,119.775,499.758,5.47119,95.587,499.758,32.93,95.587,362.578,32.93,119.776,500.09,5.47119,95.112,467.08,5.47121,-92.1001,467.08,32.93,-92.1001,500.09,32.93,95.112,466.605,5.47121,-92.4327,329.425,5.47121,-68.2441,329.425,32.93,-68.2441,466.605,32.93,-92.4327,329.092,5.47121,-67.7692,362.103,5.47119,119.443,362.103,32.93,119.443,329.092,32.93,-67.7692,362.406,5.06119,118.801,329.597,5.06121,-67.2693,338.251,5.06121,-61.2096,368.466,5.06119,110.147,330.067,5.06121,-67.9411,466.105,5.06121,-91.9282,460.045,5.06121,-83.274,338.721,5.06121,-61.8813,466.776,5.06121,-91.4579,499.586,5.06119,94.6122,490.931,5.06119,88.5525,460.717,5.06121,-82.8037,499.115,5.06119,95.2839,363.078,5.06119,119.271,369.137,5.06119,110.617,490.461,5.06119,89.2242,368.828,4.65119,109.839,338.696,4.65121,-61.0443,338.696,-1.52879,-61.0443,368.828,-1.52881,109.839,339.029,4.65121,-61.5192,459.88,4.65121,-82.8285,459.88,-1.52879,-82.8285,339.029,-1.52879,-61.5192,460.355,4.65121,-82.4959,490.486,4.65119,88.3871,490.486,-1.52881,88.3871,460.355,-1.52879,-82.4959,490.153,4.65119,88.8621,369.302,4.65119,110.171,369.302,-1.52881,110.171,490.153,-1.52881,88.8621,363.078,33.34,119.271,499.115,33.34,95.2839,496.59,33.34,93.5156,364.846,33.34,116.746,499.586,33.34,94.6122,466.776,33.34,-91.4579,465.008,33.34,-88.9324,497.06,33.34,92.8439,466.105,33.34,-91.9282,330.067,33.34,-67.9411,332.592,33.34,-66.1727,464.336,33.34,-89.4028,329.597,33.34,-67.2693,362.406,33.34,118.801,364.174,33.34,116.275,332.122,33.34,-65.501,365.011,32.93,116.3,496.282,32.93,93.1535,496.282,23.7389,93.1535,365.011,23.7389,116.3,496.615,32.93,92.6786,464.646,32.93,-88.6247,464.646,23.7389,-88.6247,496.615,23.7389,92.6786,464.171,32.93,-88.9573,332.9,32.93,-65.8107,332.9,23.7389,-65.8107,464.171,23.7389,-88.9573,332.568,32.93,-65.3357,364.536,32.93,115.968,364.536,23.7389,115.968,332.568,23.7389,-65.3357],
    "metadata": {
        "generator": "io_three",
        "uvs": 0,
        "faces": 90,
        "type": "Geometry",
        "vertices": 88,
        "version": 3,
        "normals": 88
    },
    "normals": [-0.277078,-0.875576,0.395672,-0.395703,-0.875546,-0.277078,0.277078,-0.875546,-0.395703,0.395703,-0.875576,0.277047,0.277047,0.875576,-0.395672,-0.395672,0.875576,-0.277047,-0.277078,0.875576,0.395672,0.395672,0.875576,0.277047,-0.219733,-0.434828,0.873257,0.505234,-0.434828,0.745384,0.505234,0.434828,0.745384,-0.219733,0.434828,0.873257,0.873257,-0.434828,0.219703,0.745445,-0.434828,-0.505173,0.745445,0.434828,-0.505173,0.873287,0.434828,0.219703,0.219764,-0.434828,-0.873257,-0.505173,-0.434828,-0.745445,-0.505173,0.434828,-0.745445,0.219764,0.434828,-0.873257,-0.873257,-0.434828,-0.219794,-0.745415,-0.434828,0.505203,-0.745415,0.434828,0.505203,-0.873257,0.434828,-0.219794,-0.359874,-0.920164,0.153996,-0.390851,-0.920164,-0.021607,-0.261513,-0.963103,-0.063448,-0.224036,-0.963073,0.149083,-0.153996,-0.920164,-0.359874,0.021638,-0.920194,-0.390851,0.063448,-0.963103,-0.261483,-0.149083,-0.963103,-0.224006,0.359874,-0.920164,-0.153996,0.390851,-0.920164,0.021607,0.261483,-0.963103,0.063448,0.223975,-0.963103,-0.149052,0.153996,-0.920164,0.359874,-0.021607,-0.920164,0.390851,-0.063448,-0.963103,0.261483,0.149083,-0.963103,0.224006,-0.757714,-0.456526,0.466262,-0.871487,-0.456526,-0.178991,-0.921598,-0.341563,-0.184332,-0.802942,-0.341563,0.488418,-0.466262,-0.456557,-0.757683,0.178961,-0.456587,-0.871487,0.184332,-0.341563,-0.921567,-0.488449,-0.341563,-0.802942,0.757683,-0.456618,-0.466262,0.871456,-0.456587,0.178961,0.921567,-0.341563,0.184332,0.802942,-0.341563,-0.488418,0.466262,-0.456587,0.757683,-0.179022,-0.456557,0.871487,-0.184332,-0.341594,0.921567,0.488418,-0.341594,0.802942,-0.021607,0.920164,0.390851,0.154027,0.920164,0.359874,-0.149052,0.963103,-0.224036,0.063448,0.963103,-0.261483,0.390851,0.920164,0.021607,0.359874,0.920164,-0.153996,-0.224006,0.963103,0.149052,-0.261483,0.963103,-0.063448,0.021638,0.920194,-0.390851,-0.153996,0.920164,-0.359874,0.149083,0.963103,0.224006,-0.063448,0.963103,0.261483,-0.390851,0.920194,-0.021607,-0.359874,0.920164,0.153996,0.224036,0.963103,-0.149083,0.261513,0.963103,0.063448,0.178991,0.456557,-0.871487,-0.466201,0.456557,-0.757744,-0.488388,0.341594,-0.802972,0.184332,0.341594,-0.921567,-0.871456,0.456587,-0.179022,-0.757714,0.456557,0.466231,-0.802942,0.341563,0.488418,-0.921567,0.341594,-0.184393,-0.178991,0.456557,0.871487,0.466262,0.456557,0.757714,0.488418,0.341594,0.802942,-0.184362,0.341563,0.921567,0.871487,0.456526,0.178961,0.757714,0.456526,-0.466262,0.802942,0.341594,-0.488418,0.921567,0.341594,0.184332]
}