{
    "vertices": [-30.9778,283.352,-111.779,-28.3642,283.352,-111.779,-28.3642,283.352,-110.359,-30.9778,283.352,-110.359,-30.9778,396.26,-111.779,-30.9778,396.26,-110.359,-28.3642,396.26,-110.359,-28.3642,396.26,-111.779],
    "uvs": [],
    "normals": [-0.577349,-0.577349,-0.577349,0.577349,-0.577349,-0.577349,0.577349,-0.577349,0.577349,-0.577349,-0.577349,0.577349,-0.577349,0.577349,-0.577349,-0.577349,0.577349,0.577349,0.577349,0.577349,0.577349,0.577349,0.577349,-0.577349],
    "faces": [33,0,1,2,3,0,1,2,3,33,4,5,6,7,4,5,6,7,33,0,3,5,4,0,3,5,4,33,3,2,6,5,3,2,6,5,33,2,1,7,6,2,1,7,6,33,1,0,4,7,1,0,4,7],
    "metadata": {
        "vertices": 8,
        "uvs": 0,
        "normals": 8,
        "faces": 6,
        "generator": "io_three",
        "type": "Geometry",
        "version": 3
    },
    "name": "Box475Geometry"
}