{
    "vertices": [147.254,163.618,-74.2526,155.834,181.731,-74.2525,156.092,181.609,-74.4737,147.512,163.496,-74.4737,158.37,180.53,-74.2525,149.79,162.417,-74.2526,149.532,162.539,-74.4737,158.111,180.652,-74.4737,149.79,162.417,-73.9485,158.369,180.53,-73.9485,155.834,181.731,-73.9485,147.254,163.618,-73.9485,147.254,163.618,-74.6942,155.834,181.731,-74.6942,155.834,181.731,-88.3007,147.254,163.618,-88.3008,158.37,180.53,-74.6942,149.79,162.417,-74.6942,149.79,162.417,-88.3007,158.37,180.53,-88.3007,156.138,181.587,-88.3007,156.107,181.602,-74.8427,147.527,163.489,-74.8427,147.558,163.474,-88.3008,149.486,162.561,-88.3007,149.517,162.546,-74.8427,158.096,180.659,-74.8427,158.065,180.674,-88.3007],
    "uvs": [],
    "normals": [-0.902036,-0.258919,-0.345347,-0.371105,0.861965,-0.345317,0.073092,0.997314,0.000214,-0.987487,-0.157567,0.00058,0.902066,0.258889,-0.345256,0.371105,-0.861965,-0.345317,-0.073031,-0.997314,0.000275,0.987487,0.157506,0.00058,0.274606,-0.768853,0.57741,0.768853,0.274636,0.57741,-0.274606,0.768883,0.57738,-0.768914,-0.274606,0.577349,-0.901822,-0.258889,0.345927,-0.371014,0.861782,0.345897,-0.274606,0.768944,-0.577319,-0.768914,-0.274636,-0.577319,0.901852,0.258858,0.345866,0.370983,-0.861782,0.345897,0.274667,-0.768883,-0.577319,0.768914,0.274575,-0.577349,0.769585,0.274117,-0.576678,0.659749,0.68865,-0.300729,-0.114902,-0.946806,-0.300546,0.275399,-0.769097,-0.576708,-0.769555,-0.274178,-0.576678,-0.659719,-0.688711,-0.300638,0.114933,0.946745,-0.300699,-0.275369,0.769158,-0.576647],
    "faces": [33,0,1,2,3,0,1,2,3,33,4,5,6,7,4,5,6,7,33,8,9,10,11,8,9,10,11,33,12,13,14,15,12,13,14,15,33,3,2,13,12,3,2,13,12,33,1,0,11,10,1,0,11,10,33,16,17,18,19,16,17,18,19,33,7,6,17,16,7,6,17,16,33,5,4,9,8,5,4,9,8,33,20,21,22,23,20,21,22,23,33,24,25,26,27,24,25,26,27,33,20,23,15,14,20,23,15,14,33,23,22,12,15,23,22,12,15,33,21,20,14,13,21,20,14,13,33,24,27,19,18,24,27,19,18,33,27,26,16,19,27,26,16,19,33,25,24,18,17,25,24,18,17,33,22,21,26,25,22,21,26,25,33,6,0,25,17,6,0,25,17,33,8,0,6,5,8,0,6,5,32,8,11,0,8,11,0,33,25,0,3,12,25,0,3,12,32,25,12,22,25,12,22,33,21,13,2,4,21,13,2,4,33,2,1,10,4,2,1,10,4,32,10,9,4,10,9,4,33,21,4,7,16,21,4,7,16,32,21,16,26,21,16,26],
    "metadata": {
        "vertices": 28,
        "uvs": 0,
        "normals": 28,
        "faces": 28,
        "generator": "io_three",
        "type": "Geometry",
        "version": 3
    },
    "name": "Box763Geometry"
}