{
    "vertices": [222.745,163.531,-73.203,230.879,180.77,-73.9147,229.742,180.755,-87.2838,221.608,163.516,-86.5721,224.663,162.619,-73.367,223.526,162.604,-86.7361,231.661,179.843,-87.4478,232.798,179.858,-74.0787],
    "uvs": [],
    "normals": [-0.716941,-0.273995,0.64098,-0.224555,0.769433,0.597919,-0.322794,0.768395,-0.552568,-0.815241,-0.275216,-0.509476,0.322794,-0.768395,0.552568,0.224555,-0.769433,-0.597919,0.716941,0.273995,-0.64098,0.815241,0.275216,0.509476],
    "faces": [33,0,1,2,3,0,1,2,3,33,4,5,6,7,4,5,6,7,33,0,3,5,4,0,3,5,4,33,3,2,6,5,3,2,6,5,33,2,1,7,6,2,1,7,6,33,1,0,4,7,1,0,4,7],
    "metadata": {
        "vertices": 8,
        "uvs": 0,
        "normals": 8,
        "faces": 6,
        "generator": "io_three",
        "type": "Geometry",
        "version": 3
    },
    "name": "Box814Geometry"
}