{
    "vertices": [-404.678,250,-16.6425,-417.138,250,-49.3204,-417.138,6e-06,-49.3204,-404.678,2e-06,-16.6425,-224.129,250,-64.6578,-229.506,250,-99.2422,-293.625,250,-87.3154,-285.844,250,-53.2008,-30.882,9e-06,-72.9704,-31.073,1.3e-05,-107.944,-31.073,250,-107.944,-30.8821,250,-72.9704,-224.129,8e-06,-64.6578,-229.506,1.2e-05,-99.2422,-164.331,1.3e-05,-106.531,-161.386,9e-06,-71.6461,-285.844,6e-06,-53.2008,-293.625,1e-05,-87.3154,-98.0692,250,-108.464,-97.5721,250,-73.4489,-164.331,250,-106.531,-161.386,250,-71.6462,-345.272,250,-37.2751,-355.418,250,-70.7531,-355.418,8e-06,-70.7531,-345.272,4e-06,-37.2751,-97.5721,9e-06,-73.4489,-98.0692,1.3e-05,-108.464],
    "uvs": [],
    "normals": [-0.344432,0.578936,0.739036,-0.74105,0.575762,-0.345378,-0.74105,-0.575762,-0.345378,-0.344432,-0.578936,0.739036,0.102481,0.715354,0.691183,-0.105167,0.699026,-0.707297,-0.158177,0.698416,-0.697958,0.154149,0.715995,0.680837,0.577166,-0.576678,0.578173,0.577654,-0.578021,-0.576312,0.577654,0.578021,-0.576312,0.577166,0.576678,0.578173,0.102481,-0.715354,0.691183,-0.105167,-0.699026,-0.707297,-0.050264,-0.697958,-0.714347,0.048494,-0.716514,0.695853,0.154149,-0.715995,0.680837,-0.158177,-0.698416,-0.697958,-0.007599,0.702963,-0.711173,0.007385,0.711112,0.703024,-0.050264,0.697958,-0.714347,0.048494,0.716514,0.695853,0.205176,0.715323,0.667928,-0.209967,0.699026,-0.683523,-0.209967,-0.699026,-0.683523,0.205176,-0.715323,0.667928,0.007385,-0.711112,0.703024,-0.007599,-0.702963,-0.711173],
    "faces": [33,0,1,2,3,0,1,2,3,33,4,5,6,7,4,5,6,7,33,8,9,10,11,8,9,10,11,33,12,13,14,15,12,13,14,15,33,12,4,7,16,12,4,7,16,33,5,13,17,6,5,13,17,6,33,11,10,18,19,11,10,18,19,33,19,18,20,21,19,18,20,21,33,21,20,5,4,21,20,5,4,33,1,0,22,23,1,0,22,23,33,23,22,7,6,23,22,7,6,33,3,2,24,25,3,2,24,25,33,25,24,17,16,25,24,17,16,33,16,17,13,12,16,17,13,12,33,9,8,26,27,9,8,26,27,33,27,26,15,14,27,26,15,14,33,8,11,19,26,8,11,19,26,33,26,19,21,15,26,19,21,15,33,15,21,4,12,15,21,4,12,33,0,3,25,22,0,3,25,22,33,22,25,16,7,22,25,16,7,33,10,9,27,18,10,9,27,18,33,18,27,14,20,18,27,14,20,33,20,14,13,5,20,14,13,5,33,2,1,23,24,2,1,23,24,33,24,23,6,17,24,23,6,17],
    "metadata": {
        "vertices": 28,
        "uvs": 0,
        "normals": 28,
        "faces": 26,
        "generator": "io_three",
        "type": "Geometry",
        "version": 3
    },
    "name": "Wall014Geometry"
}