{
    "normals": [0.584582,-0.719077,-0.375683,0.384106,-0.889645,-0.246834,0.456587,-0.889645,0,0.694906,-0.719077,0,0.288675,-0.719077,-0.632099,0.189673,-0.889645,-0.415326,-0.09888,-0.719077,-0.687826,-0.064974,-0.889645,-0.451949,-0.455061,-0.719077,-0.525163,-0.29899,-0.889645,-0.345073,-0.666768,-0.719077,-0.195776,-0.438093,-0.889645,-0.128636,-0.666768,-0.719077,0.195776,-0.438093,-0.889645,0.128636,-0.455061,-0.719077,0.525163,-0.29899,-0.889645,0.345073,-0.09888,-0.719077,0.687826,-0.064974,-0.889645,0.451949,0.288675,-0.719077,0.632099,0.189673,-0.889645,0.415326,0.584582,-0.719077,0.375683,0.384106,-0.889645,0.246834,-0.564898,0.740989,0.363048,-0.278939,0.740959,0.610828,0.095553,0.740959,0.664663,0.644307,0.740959,0.189184,0.439741,0.740959,0.507492,0.644307,0.740959,-0.189184,0.439741,0.740959,-0.507492,-0.278939,0.740959,-0.610828,0.095553,0.740959,-0.664663,-0.564898,0.740989,-0.363048,-0.671499,0.740989,0,0.200873,0.979614,0,0.168981,0.979583,-0.108615,-0.583911,0.719871,0.375256,-0.694082,0.719871,0,0.083438,0.979583,-0.182714,-0.288339,0.71984,0.631367,-0.028565,0.979583,-0.198828,0.098758,0.719871,0.687033,-0.131565,0.979583,-0.15183,0.454512,0.719871,0.524552,-0.192755,0.979583,-0.056581,0.665975,0.719871,0.195532,-0.192755,0.979583,0.056581,0.665975,0.719871,-0.195532,-0.131535,0.979583,0.151799,0.454512,0.719871,-0.524552,-0.028565,0.979583,0.198828,0.098758,0.719871,-0.687033,0.083438,0.979614,0.182714,-0.288308,0.719871,-0.631367,0.168981,0.979614,0.108585,-0.583911,0.719871,-0.375256,0.787317,0.352245,-0.505966,0.935881,0.352245,0,0.634419,-0.772973,0,0.533708,-0.772973,-0.342998,0.388775,0.352245,-0.851314,0.263527,-0.772973,-0.577074,-0.133183,0.352245,-0.926359,-0.090274,-0.772973,-0.627949,-0.612873,0.352245,-0.707297,-0.415448,-0.772973,-0.479446,-0.897977,0.352214,-0.263649,-0.608722,-0.772973,-0.178716,-0.897977,0.352214,0.263649,-0.608722,-0.772973,0.178716,-0.612873,0.352245,0.707297,-0.415448,-0.772973,0.479446,-0.133183,0.352245,0.926359,-0.090274,-0.772973,0.627949,0.388775,0.352245,0.851314,0.263527,-0.772973,0.577074,0.787317,0.352245,0.505966,0.533677,-0.772973,0.342967],
    "name": "Cylinder108Geometry",
    "faces": [33,0,1,2,3,0,1,2,3,33,1,0,4,5,1,0,4,5,33,6,7,5,4,6,7,5,4,33,8,9,7,6,8,9,7,6,33,10,11,9,8,10,11,9,8,33,12,13,11,10,12,13,11,10,33,14,15,13,12,14,15,13,12,33,16,17,15,14,16,17,15,14,33,18,19,17,16,18,19,17,16,33,20,21,19,18,20,21,19,18,33,3,2,21,20,3,2,21,20,33,18,16,14,10,18,16,14,10,32,14,12,10,14,12,10,33,6,0,10,8,6,0,10,8,32,6,4,0,6,4,0,33,0,3,18,10,0,3,18,10,32,20,18,3,20,18,3,33,22,23,24,25,22,23,24,25,32,24,26,25,24,26,25,33,25,27,28,29,25,27,28,29,32,28,30,29,28,30,29,33,22,25,29,31,22,25,29,31,32,32,22,31,32,22,31,33,33,34,35,36,33,34,35,36,33,34,37,38,35,34,37,38,35,33,37,39,40,38,37,39,40,38,33,39,41,42,40,39,41,42,40,33,41,43,44,42,41,43,44,42,33,43,45,46,44,43,45,46,44,33,45,47,48,46,45,47,48,46,33,47,49,50,48,47,49,50,48,33,49,51,52,50,49,51,52,50,33,51,53,54,52,51,53,54,52,33,53,33,36,54,53,33,36,54,33,36,35,22,32,36,35,22,32,33,35,38,23,22,35,38,23,22,33,38,40,24,23,38,40,24,23,33,40,42,26,24,40,42,26,24,33,42,44,25,26,42,44,25,26,33,44,46,27,25,44,46,27,25,33,46,48,28,27,46,48,28,27,33,48,50,30,28,48,50,30,28,33,50,52,29,30,50,52,29,30,33,52,54,31,29,52,54,31,29,33,54,36,32,31,54,36,32,31,33,55,56,57,58,55,56,57,58,33,59,55,58,60,59,55,58,60,33,61,59,60,62,61,59,60,62,33,63,61,62,64,63,61,62,64,33,65,63,64,66,65,63,64,66,33,67,65,66,68,67,65,66,68,33,69,67,68,70,69,67,68,70,33,71,69,70,72,71,69,70,72,33,73,71,72,74,73,71,72,74,33,75,73,74,76,75,73,74,76,33,56,75,76,57,56,75,76,57,33,34,33,56,55,34,33,56,55,33,33,53,75,56,33,53,75,56,33,53,51,73,75,53,51,73,75,33,51,49,71,73,51,49,71,73,33,49,47,69,71,49,47,69,71,33,47,45,67,69,47,45,67,69,33,45,43,65,67,45,43,65,67,33,43,41,63,65,43,41,63,65,33,41,39,61,63,41,39,61,63,33,39,37,59,61,39,37,59,61,33,37,34,55,59,37,34,55,59,33,2,1,58,57,2,1,58,57,33,1,5,60,58,1,5,60,58,33,5,7,62,60,5,7,62,60,33,7,9,64,62,7,9,64,62,33,9,11,66,64,9,11,66,64,33,11,13,68,66,11,13,68,66,33,13,15,70,68,13,15,70,68,33,15,17,72,70,15,17,72,70,33,17,19,74,72,17,19,74,72,33,19,21,76,74,19,21,76,74,33,21,2,57,76,21,2,57,76],
    "vertices": [250.267,-0.522496,-34.2417,252.94,15.6883,-35.9599,254.647,15.6883,-30.1462,251.469,-0.522496,-30.1462,247.041,-0.522496,-37.0368,248.361,15.6883,-39.9279,242.816,-0.522496,-37.6443,242.364,15.6883,-40.7902,238.933,-0.522496,-35.8712,236.852,15.6883,-38.2731,236.626,-0.522496,-32.2804,233.576,15.6883,-33.1758,236.626,-0.522497,-28.0121,233.576,15.6883,-27.1167,238.933,-0.522497,-24.4213,236.852,15.6883,-22.0194,242.816,-0.522497,-22.6482,242.364,15.6883,-19.5023,247.041,-0.522497,-23.2556,248.361,15.6883,-20.3646,250.267,-0.522497,-26.0508,252.94,15.6883,-24.3325,251.472,14.8059,-35.0163,247.636,14.8059,-38.3402,242.612,14.8059,-39.0625,235.251,14.8059,-32.6841,237.995,14.8059,-36.954,235.251,14.8059,-27.6084,237.995,14.8059,-23.3385,247.636,14.8059,-21.9523,242.612,14.8059,-21.23,251.472,14.8059,-25.2762,252.902,14.8059,-30.1462,255.06,18.2884,-30.1462,253.288,18.2884,-36.1832,252.132,17.7948,-35.4404,253.686,17.7948,-30.1462,248.533,18.2884,-40.3035,247.962,17.7948,-39.0536,242.305,18.2884,-41.1989,242.501,17.7948,-39.8389,236.582,18.2884,-38.5852,237.481,17.7948,-37.5468,233.18,18.2884,-33.2922,234.498,17.7948,-32.905,233.18,18.2884,-27.0003,234.498,17.7948,-27.3874,236.582,18.2884,-21.7073,237.481,17.7948,-22.7457,242.305,18.2884,-19.0935,242.501,17.7948,-20.4536,248.533,18.2884,-19.989,247.962,17.7948,-21.2388,253.288,18.2884,-24.1092,252.132,17.7948,-24.8521,254.165,17.5905,-36.7467,256.103,17.5905,-30.1462,255.69,15.484,-30.1462,253.817,15.484,-36.5235,248.966,17.5905,-41.2516,248.794,15.484,-40.876,242.157,17.5905,-42.2307,242.215,15.484,-41.8219,235.899,17.5905,-39.3729,236.169,15.484,-39.0608,232.18,17.5905,-33.5858,232.576,15.484,-33.4695,232.18,17.5905,-26.7066,232.576,15.484,-26.823,235.899,17.5905,-20.9195,236.169,15.484,-21.2316,242.157,17.5905,-18.0618,242.215,15.484,-18.4706,248.966,17.5905,-19.0408,248.794,15.484,-19.4165,254.165,17.5905,-23.5457,253.817,15.484,-23.769],
    "metadata": {
        "normals": 77,
        "generator": "io_three",
        "faces": 78,
        "version": 3,
        "vertices": 77,
        "uvs": 0,
        "type": "Geometry"
    },
    "uvs": []
}