{
    "vertices": [580.982,250.655,-48.262,580.982,250.655,-211.707,578.587,250.655,-211.707,578.587,250.655,-48.262,580.982,245.187,-211.707,580.982,245.186,-48.262,578.587,245.186,-48.262,578.587,245.187,-211.707,580.982,244.193,-211.707,578.587,244.193,-211.707,647.601,250.655,-211.707,647.601,250.655,-48.262,647.601,244.193,-48.262,647.601,244.193,-211.707,578.587,244.193,-48.262,580.982,244.193,-48.262,577.601,250.655,-48.262,577.601,250.655,-211.707,577.601,244.193,-211.707,577.601,244.193,-48.262,583.851,250.655,-48.262,583.851,250.655,-211.707,581.493,250.655,-211.707,581.493,250.655,-48.262,583.851,245.187,-211.707,583.851,245.186,-48.262,581.493,245.186,-48.262,581.493,245.187,-211.707,583.851,244.193,-211.707,581.493,244.193,-211.707,583.851,244.193,-48.262,581.493,244.193,-48.262,580.982,250.655,-48.2619,580.982,250.655,-211.707,578.587,250.655,-211.707,578.587,250.655,-48.2619,580.982,245.187,-211.707,580.982,245.187,-48.2619,578.587,245.187,-48.2619,578.587,245.187,-211.707,580.982,244.193,-211.707,578.587,244.193,-211.707,647.601,250.655,-211.707,647.601,250.655,-48.2619,647.601,244.193,-48.2619,647.601,244.193,-211.707,578.587,244.193,-48.2619,580.982,244.193,-48.2619,577.601,250.655,-48.2619,577.601,250.655,-211.707,577.601,244.193,-211.707,577.601,244.193,-48.2619,583.851,250.655,-48.2619,583.851,250.655,-211.707,581.493,250.655,-211.707,581.493,250.655,-48.2619,583.851,245.187,-211.707,583.851,245.187,-48.2619,581.493,245.187,-48.2619,581.493,245.187,-211.707,583.851,244.193,-211.707,581.493,244.193,-211.707,583.851,244.193,-48.2619,581.493,244.193,-48.2619,282.73,14.3489,113.298,246.558,14.3489,113.298,246.558,14.3489,98.9057,282.73,14.3489,98.9057,282.73,56.5812,113.298,282.73,56.5812,98.9057,246.558,56.5812,98.9057,246.558,56.5812,113.298],
    "uvs": [],
    "normals": [0,0.707083,0.707083,0,0.707083,-0.707083,-0.577349,-0.577349,0.577349,-0.577349,-0.577349,-0.577349,0.577349,-0.577349,-0.577349,0.577349,-0.577349,0.577349,0.577349,0.577349,-0.577349,0.577349,0.577349,0.577349,-0.577349,0.577349,0.577349,-0.577349,0.577349,-0.577349],
    "faces": [33,0,1,2,3,0,1,1,0,33,4,5,6,7,2,3,4,5,33,1,8,9,2,1,3,4,1,33,10,11,12,13,6,7,5,4,33,15,0,3,14,2,0,0,5,33,16,17,18,19,8,9,3,2,33,20,21,22,23,0,1,1,0,33,17,16,3,2,9,8,0,1,33,24,25,26,27,2,3,4,5,33,19,18,9,14,2,3,4,5,33,21,28,29,22,1,3,4,1,33,18,17,2,9,3,9,1,4,33,16,19,14,3,8,2,5,0,33,30,20,23,31,2,0,0,5,33,9,8,4,7,4,3,2,5,33,8,15,5,4,3,2,3,2,33,15,14,6,5,2,5,4,3,33,14,9,7,6,5,4,5,4,33,11,10,21,20,7,6,1,0,33,1,0,23,22,1,0,0,1,33,13,12,30,28,4,5,2,3,33,15,8,29,31,2,3,4,5,33,10,13,28,21,6,4,3,1,33,8,1,22,29,3,1,1,4,33,12,11,20,30,5,7,0,2,33,0,15,31,23,0,2,5,0,33,30,31,26,25,2,5,4,3,33,31,29,27,26,5,4,5,4,33,29,28,24,27,4,3,2,5,33,28,30,25,24,3,2,3,2,33,32,33,34,35,0,1,1,0,33,36,37,38,39,2,3,4,5,33,33,40,41,34,1,3,4,1,33,42,43,44,45,6,7,5,4,33,35,46,47,32,0,5,2,0,33,48,49,50,51,8,9,3,2,33,52,53,54,55,0,1,1,0,33,49,48,35,34,9,8,0,1,33,56,57,58,59,2,3,4,5,33,51,50,41,46,2,3,4,5,33,53,60,61,54,1,3,4,1,33,50,49,34,41,3,9,1,4,33,48,51,46,35,8,2,5,0,33,62,52,55,63,2,0,0,5,33,41,40,36,39,4,3,2,5,33,40,47,37,36,3,2,3,2,33,47,46,38,37,2,5,4,3,33,46,41,39,38,5,4,5,4,33,43,42,53,52,7,6,1,0,33,33,32,55,54,1,0,0,1,33,45,44,62,60,4,5,2,3,33,47,40,61,63,2,3,4,5,33,42,45,60,53,6,4,3,1,33,40,33,54,61,3,1,1,4,33,44,43,52,62,5,7,0,2,33,32,47,63,55,0,2,5,0,33,62,63,58,57,2,5,4,3,33,63,61,59,58,5,4,5,4,33,61,60,56,59,4,3,2,5,33,60,62,57,56,3,2,3,2,33,64,65,66,67,5,2,3,4,33,68,69,70,71,7,6,9,8,33,64,67,69,68,5,4,6,7,33,67,66,70,69,4,3,9,6,33,66,65,71,70,3,2,8,9,33,65,64,68,71,2,5,7,8],
    "metadata": {
        "vertices": 72,
        "uvs": 0,
        "normals": 10,
        "faces": 66,
        "generator": "io_three",
        "type": "Geometry",
        "version": 3
    },
    "name": "Box042Geometry"
}