{
    "normals": [0.061617,-0.707083,0.704398,-0.061617,-0.707083,-0.704398,-0.625446,-0.577349,-0.524827,-0.524827,-0.577349,0.625446,-0.524827,0.577349,0.625446,-0.625446,0.577349,-0.524827,0.061617,0.707083,0.704398,-0.061617,0.707083,-0.704398,0.524827,0.577349,-0.625446,0.625446,0.577349,0.524827,0.625446,-0.577349,0.524827,0.524827,-0.577349,-0.625446,0.221534,0.301492,-0.927366,-0.379192,0.301492,-0.874813,-0.379192,-0.301492,-0.874813,0.221534,-0.301492,-0.927366,0.379192,-0.301492,0.874783,-0.221503,-0.301492,0.927366,-0.221503,0.301492,0.927366,0.379192,0.301492,0.874783,-0.221534,0.301492,0.927366,0.379192,0.301492,0.874813,0.379192,-0.301492,0.874813,-0.221534,-0.301492,0.927366,-0.379192,0.301492,-0.874783,0.221503,0.301492,-0.927366,0.221503,-0.301492,-0.927366,-0.379192,-0.301492,-0.874783,0.379162,-0.301492,0.874813,0.379162,0.301492,0.874813],
    "name": "5Geometry",
    "faces": [33,0,1,2,3,0,1,1,0,33,4,5,6,7,2,3,4,5,33,8,9,10,11,6,7,7,6,33,12,13,14,15,8,9,10,11,33,5,4,16,17,3,2,1,0,33,15,14,18,19,11,10,0,1,33,13,12,20,21,9,8,7,6,33,7,6,22,23,5,4,6,7,33,24,25,26,27,12,13,14,15,33,28,29,30,31,14,15,12,13,33,32,33,34,35,16,17,18,19,33,36,37,38,39,20,21,22,23,33,0,17,16,1,0,0,1,1,33,2,19,18,3,1,1,0,0,33,8,21,20,9,6,6,7,7,33,10,23,22,11,7,7,6,6,33,15,19,30,40,11,1,12,24,33,19,2,31,30,1,1,13,12,33,2,1,24,31,1,1,12,13,33,1,16,25,24,1,1,13,12,33,16,4,41,25,1,2,25,13,33,4,7,42,41,2,5,26,25,33,7,23,26,42,5,7,14,26,33,23,10,27,26,7,7,15,14,33,10,9,28,27,7,7,14,15,33,9,20,29,28,7,7,15,14,33,20,12,43,29,7,8,27,15,33,12,15,40,43,8,11,24,27,33,14,13,44,45,10,9,17,18,33,13,21,38,44,9,6,22,17,33,21,8,39,38,6,6,23,22,33,8,11,32,39,6,6,16,23,33,11,22,33,32,6,6,17,16,33,22,6,46,33,6,4,28,17,33,6,5,47,46,4,3,29,28,33,5,17,34,47,3,0,18,29,33,17,0,35,34,0,0,19,18,33,0,3,36,35,0,0,20,19,33,3,18,37,36,0,0,21,20,33,18,14,45,37,0,10,18,21,33,41,42,46,47,25,26,28,29,33,24,27,32,35,12,15,16,19,33,30,29,38,37,12,15,22,21,33,45,44,43,40,18,17,27,24,33,39,28,31,36,23,14,13,20,33,34,33,26,25,18,17,14,13,33,37,45,40,30,21,18,24,12,33,35,36,31,24,19,20,13,12,33,47,34,25,41,29,18,13,25,33,33,46,42,26,17,28,26,14,33,39,32,27,28,23,16,15,14,33,44,38,29,43,17,22,15,27],
    "vertices": [-196.704,19.6401,-31.6246,-198.952,19.6401,-57.3209,-149.431,19.6401,-61.6535,-147.183,19.6401,-35.9571,-253.673,19.6401,-52.5335,-251.424,19.6401,-26.8372,-251.424,45.1195,-26.8372,-253.673,45.1195,-52.5335,-147.183,45.1195,-35.9571,-149.431,45.1195,-61.6535,-198.952,45.1195,-57.3209,-196.704,45.1195,-31.6246,-94.7107,45.1195,-66.4409,-92.4626,45.1195,-40.7445,-92.4626,19.6401,-40.7445,-94.7107,19.6401,-66.4409,-202.418,19.6401,-57.0177,-200.17,19.6401,-31.3213,-143.717,19.6401,-36.2603,-145.965,19.6401,-61.9567,-145.965,45.1195,-61.9567,-143.717,45.1195,-36.2603,-200.17,45.1195,-31.3213,-202.418,45.1195,-57.0177,-198.952,22.366,-57.3209,-202.418,22.366,-57.0177,-202.418,42.3936,-57.0177,-198.952,42.3936,-57.3209,-149.431,42.3936,-61.6535,-145.965,42.3936,-61.9567,-145.965,22.366,-61.9567,-149.431,22.366,-61.6535,-196.704,42.3936,-31.6246,-200.17,42.3936,-31.3213,-200.17,22.366,-31.3213,-196.704,22.366,-31.6246,-147.183,22.366,-35.9571,-143.717,22.366,-36.2603,-143.717,42.3936,-36.2603,-147.183,42.3936,-35.9571,-97.4263,22.366,-66.2033,-250.957,22.366,-52.7711,-250.957,42.3936,-52.7711,-97.4263,42.3936,-66.2033,-95.1781,42.3936,-40.5069,-95.1781,22.366,-40.5069,-248.709,42.3936,-27.0747,-248.709,22.366,-27.0747],
    "metadata": {
        "normals": 30,
        "generator": "io_three",
        "faces": 52,
        "version": 3,
        "vertices": 48,
        "uvs": 0,
        "type": "Geometry"
    },
    "uvs": []
}