{
    "normals": [-0.720756,0,0.693167,-0.587115,0.579974,0.564653,-0.568438,0.574999,-0.588397,-0.568438,-0.574999,-0.588397,-0.587115,-0.579974,0.564653,-0.035493,0.7163,-0.69686,0.03531,0.696707,0.716453,0.069613,0.706534,0.704215,-0.067537,0.70809,-0.702872,0.833094,0,0.553087,0.833064,0,0.553117,0.680288,-0.577227,0.451613,0.448714,-0.576952,-0.682424,0.448714,0.576952,-0.682424,0.680288,0.577227,0.451613,-0.08591,-0.71218,-0.696677,0.088229,-0.701895,0.706748,0.069613,-0.706534,0.704215,-0.067537,-0.70809,-0.702872,-0.035493,-0.7163,-0.69686,-0.122684,0.714133,-0.689138,0.122593,0.701407,0.702109,-0.08591,0.71218,-0.696677,0.088229,0.701895,0.706748,-0.014893,0.701865,0.712119,0.010285,0.71279,-0.701254,0.010285,-0.71279,-0.701254,-0.014893,-0.701865,0.712119,0.03531,-0.696707,0.716453,0.122593,-0.701407,0.702109,-0.122684,-0.714133,-0.689138,0.172002,0,0.985076,0.123875,0,0.992279,0.098392,0,0.995117,0.049226,0,0.998779,-0.020905,0,0.999756],
    "name": "Wall015Geometry",
    "faces": [33,0,1,2,3,0,0,1,2,33,0,3,4,5,0,2,3,4,33,6,7,8,9,5,6,7,8,33,10,11,12,13,9,10,11,12,33,14,15,10,13,13,14,9,12,33,16,17,18,19,15,16,17,18,33,20,6,9,19,19,5,8,18,33,21,22,15,14,20,21,14,13,33,23,24,22,21,22,23,21,20,33,9,8,24,23,8,7,23,22,33,25,26,3,2,24,25,2,1,33,7,6,26,25,6,5,25,24,33,27,28,5,4,26,27,4,3,33,20,29,28,27,19,28,27,26,33,19,18,29,20,18,17,28,19,33,30,31,13,12,29,30,12,11,33,17,16,31,30,16,15,30,29,33,31,21,14,13,30,20,13,12,33,16,23,21,31,15,22,20,30,33,19,9,23,16,18,8,22,15,33,26,27,4,3,25,26,3,2,33,6,20,27,26,5,19,26,25,33,10,32,33,11,9,31,31,10,33,32,34,35,33,31,32,32,31,33,34,36,37,35,32,33,33,32,33,11,33,30,12,10,31,29,11,33,32,10,15,22,31,9,14,21,33,33,35,17,30,31,32,16,29,33,34,32,22,24,32,31,21,23,33,35,37,18,17,32,33,17,16,33,36,34,24,8,33,32,23,7,33,8,7,38,36,7,6,34,33,33,37,36,38,39,33,33,34,34,33,29,18,37,39,28,17,33,34,33,7,25,40,38,6,24,35,34,33,40,41,39,38,35,35,34,34,33,28,29,39,41,27,28,34,35,33,41,0,5,28,35,0,4,27,33,1,0,41,40,0,0,35,35,33,2,1,40,25,1,0,35,24],
    "vertices": [104.324,31.3061,-64.8669,104.324,62.6123,-64.8669,104.324,93.9184,-64.8669,104.141,93.9184,-99.5677,104.141,1.2e-05,-99.5677,104.324,8e-06,-64.8669,234.106,93.9184,-97.4854,234.878,93.9184,-62.1282,293.941,93.9184,-67.8218,290.722,93.9184,-102.673,467.993,62.6123,-92.9412,467.993,31.3061,-92.9412,467.993,1.1e-05,-92.9412,460.94,1.5e-05,-127.691,460.94,93.9184,-127.691,467.993,93.9184,-92.9412,359.305,1.3e-05,-109.569,364.956,9e-06,-75.0192,293.941,8e-06,-67.8218,290.722,1.2e-05,-102.673,234.106,1.2e-05,-97.4854,410.016,93.9184,-116.984,418.072,93.9184,-82.9049,359.305,93.9184,-109.569,364.956,93.9184,-75.0192,169.738,93.9184,-61.9697,172.589,93.9184,-96.8418,172.589,1.2e-05,-96.8418,169.738,7e-06,-61.9697,234.878,7e-06,-62.1282,418.072,1e-05,-82.9049,410.016,1.4e-05,-116.984,418.072,62.6123,-82.9049,418.072,31.3061,-82.9049,364.956,62.6123,-75.0192,364.956,31.3061,-75.0192,293.941,62.6123,-67.8218,293.941,31.3061,-67.8218,234.878,62.6123,-62.1282,234.878,31.3061,-62.1282,169.738,62.6123,-61.9697,169.738,31.3061,-61.9697],
    "metadata": {
        "normals": 36,
        "generator": "io_three",
        "faces": 40,
        "version": 3,
        "vertices": 42,
        "uvs": 0,
        "type": "Geometry"
    },
    "uvs": []
}