{
    "vertices": [-567.459,5.42499,81.7856,-566.611,-0.879009,77.5666,-569.666,-0.879009,77.5666,-570.514,5.42499,81.7856,-567.282,34.9812,83.2182,-570.337,34.9812,83.2182,-569.451,48.8371,82.9473,-569.385,50.245,82.9144,-566.331,50.245,82.9144,-566.397,48.8371,82.9473,-567.393,84.7012,80.8403,-566.124,59.6162,82.6434,-569.179,59.6162,82.6434,-570.391,84.1149,80.8403,-570.081,106.428,78.5878,-573.074,105.815,78.5878,-573.307,121.8,76.6651,-576.311,121.244,76.6651,-575.041,127.374,75.851,-578.096,127.374,75.851,-582.527,127.374,108.389,-579.472,127.374,108.389,-573.307,121.8,140.113,-575.041,127.374,140.927,-578.096,127.374,140.927,-576.311,121.244,140.113,-570.081,106.428,138.19,-573.074,105.815,138.19,-567.393,84.7012,135.938,-570.391,84.1149,135.938,-566.124,59.6162,134.135,-569.179,59.6162,134.135,-566.331,50.245,133.863,-569.385,50.245,133.863,-569.451,48.8371,133.831,-566.397,48.8371,133.831,-567.459,5.42498,134.992,-567.282,34.9812,133.56,-570.337,34.9812,133.56,-570.514,5.42498,134.992,-566.611,-0.879017,139.211,-569.666,-0.879017,139.211,-574.096,-0.879013,108.389,-571.042,-0.879013,108.389,-511.646,47.9186,77.05,-507.761,47.9186,108.389,-507.827,46.5107,108.389,-511.712,46.5107,77.0904,-573.816,50.245,108.389,-573.882,48.8371,108.389,-570.828,48.8371,108.389,-570.761,50.245,108.389,-511.712,46.5107,139.688,-511.646,47.9186,139.728],
    "uvs": [],
    "normals": [0.673666,0.264046,-0.690237,0.611469,-0.392315,-0.687155,-0.490524,-0.394574,-0.77694,-0.620167,0.215979,-0.754112,0.75869,3.1e-05,-0.651418,-0.667318,0.018983,-0.744499,-0.646199,0.005951,-0.763115,-0.632038,-0.0347,-0.774132,0.295022,0.380688,-0.876339,0.254677,-0.391949,-0.883999,0.797113,0.013153,-0.603656,0.790002,0.039186,-0.611805,-0.614093,-0.094607,-0.783532,-0.582629,-0.119144,-0.803949,0.79577,0.035829,-0.60448,-0.594928,-0.166021,-0.786431,0.751457,0.091861,-0.65334,-0.604633,-0.240638,-0.759239,0.536943,0.578539,-0.613941,-0.596149,0.497574,-0.630055,-0.784234,0.620411,0,0.610157,0.792261,0,0.751457,0.091861,0.65334,0.536973,0.578539,0.613941,-0.596149,0.497574,0.630055,-0.604633,-0.240638,0.759239,0.79577,0.035829,0.60448,-0.594928,-0.166021,0.786431,0.797113,0.013153,0.603656,-0.582629,-0.119144,0.803949,0.790002,0.039186,0.611805,-0.614093,-0.094607,0.783532,0.295022,0.380718,0.876339,-0.632069,-0.034669,0.774102,-0.646199,0.005982,0.763115,0.254677,-0.391919,0.88403,0.673666,0.264046,0.690237,0.75869,3.1e-05,0.651418,-0.667318,0.018983,0.744499,-0.620167,0.21601,0.754112,0.611469,-0.392315,0.687155,-0.490524,-0.394574,0.776971,-0.739433,-0.673208,0,0.669271,-0.742973,0,0.530106,0.548357,-0.646687,0.761101,0.648579,0,0.703116,-0.711051,0,0.48207,-0.607013,-0.631733,-0.999634,-0.026856,0,-0.999512,0.030702,0,0.725089,-0.68862,0,0.718528,0.695456,0,0.482101,-0.606983,0.631733,0.530106,0.548387,0.646687],
    "faces": [33,0,1,2,3,0,1,2,3,33,4,0,3,5,4,0,3,5,33,6,7,8,9,6,7,8,9,33,10,11,12,13,10,11,12,13,33,14,10,13,15,14,10,13,15,33,16,14,15,17,16,14,15,17,33,18,16,17,19,18,16,17,19,33,18,19,20,21,18,19,20,21,33,22,23,24,25,22,23,24,25,33,26,22,25,27,26,22,25,27,33,28,26,27,29,28,26,27,29,33,30,28,29,31,30,28,29,31,33,32,33,34,35,32,33,34,35,33,36,37,38,39,36,37,38,39,33,40,36,39,41,40,36,39,41,33,40,41,42,43,40,41,42,43,33,44,45,46,47,44,45,46,47,33,33,48,49,34,33,48,49,34,33,7,12,11,8,7,12,11,8,33,9,4,5,6,9,4,5,6,33,35,34,38,37,35,34,38,37,33,33,32,30,31,33,32,30,31,33,1,0,4,43,1,0,4,43,33,50,43,4,9,50,43,4,9,33,26,21,23,22,26,21,23,22,33,30,21,26,28,30,21,26,28,33,51,21,30,32,51,21,30,32,33,38,42,41,39,38,42,41,39,33,49,42,38,34,49,42,38,34,33,15,20,19,17,15,20,19,17,33,12,20,15,13,12,20,15,13,33,48,20,12,7,48,20,12,7,33,44,47,9,8,44,47,9,8,33,47,46,50,9,47,46,50,9,33,52,53,32,35,52,53,32,35,33,53,45,51,32,53,45,51,32,33,21,20,24,23,21,20,24,23,33,43,42,2,1,43,42,2,1,33,46,45,53,52,46,45,53,52,33,49,48,7,6,49,48,7,6,33,37,36,40,43,37,36,40,43,33,50,35,37,43,50,35,37,43,33,14,16,18,21,14,16,18,21,33,11,10,14,21,11,10,14,21,33,51,8,11,21,51,8,11,21,33,5,3,2,42,5,3,2,42,33,49,6,5,42,49,6,5,42,33,27,25,24,20,27,25,24,20,33,31,29,27,20,31,29,27,20,33,48,33,31,20,48,33,31,20,33,50,46,52,35,50,46,52,35,33,51,45,44,8,51,45,44,8],
    "metadata": {
        "vertices": 54,
        "uvs": 0,
        "normals": 54,
        "faces": 52,
        "generator": "io_three",
        "type": "Geometry",
        "version": 3
    },
    "name": "Line159Geometry"
}