{
    "normals": [0,1,0,-0.439558,0.89819,0,-0.295541,0.852931,0.43028,-0.095859,0.801782,0.589831,0.095859,0.801782,0.589831,0.295572,0.852931,0.43028,0.439589,0.89819,0,0.295572,0.852931,-0.43028,0.095859,0.801782,-0.589831,-0.095859,0.801782,-0.589831,-0.295541,0.852931,-0.43028,-0.83932,0.543626,0,-0.552812,0.480056,0.681112,-0.166814,0.387677,0.906552,0.166814,0.387677,0.906552,0.552812,0.480056,0.681082,0.83929,0.543626,0,0.552812,0.480056,-0.681082,0.166814,0.387677,-0.906552,-0.166814,0.387677,-0.906552,-0.552812,0.480056,-0.681112,-0.872951,-0.487777,0,-0.537126,-0.553484,0.636464,-0.144658,-0.607593,0.780938,0.144658,-0.607593,0.780938,0.537126,-0.553484,0.636464,0.872951,-0.487747,0,0.537126,-0.553484,-0.636464,0.144658,-0.607593,-0.780938,-0.144658,-0.607624,-0.780938,-0.537126,-0.553484,-0.636464,0,-1,0],
    "name": "Sphere001Geometry",
    "faces": [32,0,1,2,0,1,2,32,0,2,3,0,2,3,32,0,3,4,0,3,4,32,0,4,5,0,4,5,32,0,5,6,0,5,6,32,0,6,7,0,6,7,32,0,7,8,0,7,8,32,0,8,9,0,8,9,32,0,9,10,0,9,10,32,0,10,1,0,10,1,33,1,11,12,2,1,11,12,2,33,2,12,13,3,2,12,13,3,33,3,13,14,4,3,13,14,4,33,4,14,15,5,4,14,15,5,33,5,15,16,6,5,15,16,6,33,6,16,17,7,6,16,17,7,33,7,17,18,8,7,17,18,8,33,8,18,19,9,8,18,19,9,33,9,19,20,10,9,19,20,10,33,10,20,11,1,10,20,11,1,33,11,21,22,12,11,21,22,12,33,12,22,23,13,12,22,23,13,33,13,23,24,14,13,23,24,14,33,14,24,25,15,14,24,25,15,33,15,25,26,16,15,25,26,16,33,16,26,27,17,16,26,27,17,33,17,27,28,18,17,27,28,18,33,18,28,29,19,18,28,29,19,33,19,29,30,20,19,29,30,20,33,20,30,21,11,20,30,21,11,32,31,22,21,31,22,21,32,31,23,22,31,23,22,32,31,24,23,31,24,23,32,31,25,24,31,25,24,32,31,26,25,31,26,25,32,31,27,26,31,27,26,32,31,28,27,31,28,27,32,31,29,28,31,29,28,32,31,30,29,31,30,29,32,31,21,30,31,21,30],
    "vertices": [220.813,94.6625,107.431,216.162,93.8997,107.431,217.051,93.8997,108.811,219.376,93.8997,109.664,222.25,93.8997,109.664,224.575,93.8997,108.811,225.463,93.8997,107.431,224.575,93.8997,106.051,222.25,93.8997,105.198,219.376,93.8997,105.198,217.051,93.8997,106.051,213.288,91.9026,107.431,214.725,91.9026,109.664,218.488,91.9026,111.044,223.138,91.9026,111.044,226.9,91.9026,109.664,228.337,91.9026,107.431,226.9,91.9026,105.198,223.138,91.9026,103.818,218.488,91.9026,103.818,214.725,91.9026,105.198,212.901,90.6684,107.431,214.412,90.6684,109.779,218.368,90.6684,111.23,223.258,90.6684,111.23,227.213,90.6684,109.779,228.724,90.6684,107.431,227.213,90.6684,105.083,223.258,90.6684,103.632,218.368,90.6684,103.632,214.412,90.6684,105.083,220.813,90.6684,107.431],
    "metadata": {
        "normals": 32,
        "generator": "io_three",
        "faces": 40,
        "version": 3,
        "vertices": 32,
        "uvs": 0,
        "type": "Geometry"
    },
    "uvs": []
}