{
    "vertices": [185.487,130.569,-74.2526,194.067,148.682,-74.2525,194.325,148.56,-74.4737,185.745,130.447,-74.4737,196.603,147.481,-74.2525,188.023,129.368,-74.2526,187.765,129.49,-74.4737,196.345,147.603,-74.4737,188.023,129.368,-73.9485,196.603,147.481,-73.9485,194.067,148.682,-73.9485,185.487,130.569,-73.9485,185.487,130.569,-74.6942,194.067,148.682,-74.6942,194.067,148.682,-88.3007,185.487,130.569,-88.3008,196.603,147.481,-74.6942,188.023,129.368,-74.6942,188.023,129.368,-88.3007,196.603,147.481,-88.3007,194.371,148.538,-88.3007,194.34,148.553,-74.8427,185.76,130.44,-74.8427,185.792,130.425,-88.3008,187.719,129.512,-88.3007,187.75,129.498,-74.8427,196.33,147.61,-74.8427,196.298,147.625,-88.3007],
    "uvs": [],
    "normals": [-0.902005,-0.258858,-0.345408,-0.371105,0.861965,-0.345347,0.073061,0.997314,0.000336,-0.987487,-0.157628,0.00058,0.902066,0.258919,-0.345256,0.371075,-0.861965,-0.345317,-0.073092,-0.997314,0.000183,0.987487,0.157537,0.00058,0.274575,-0.768883,0.57741,0.768853,0.274636,0.57738,-0.274606,0.768883,0.577349,-0.768914,-0.274606,0.577349,-0.901822,-0.258827,0.345958,-0.371044,0.861751,0.345958,-0.274697,0.768883,-0.577319,-0.768914,-0.274545,-0.577349,0.901822,0.258919,0.345836,0.370952,-0.861812,0.345897,0.274575,-0.768883,-0.57738,0.768883,0.274667,-0.577349,0.769555,0.274209,-0.576678,0.659688,0.688742,-0.300607,-0.114933,-0.946776,-0.300638,0.275369,-0.769158,-0.576647,-0.769616,-0.274148,-0.576617,-0.65978,-0.68865,-0.300699,0.114872,0.946684,-0.300974,-0.27546,0.769127,-0.576647],
    "faces": [33,0,1,2,3,0,1,2,3,33,4,5,6,7,4,5,6,7,33,8,9,10,11,8,9,10,11,33,12,13,14,15,12,13,14,15,33,3,2,13,12,3,2,13,12,33,1,0,11,10,1,0,11,10,33,16,17,18,19,16,17,18,19,33,7,6,17,16,7,6,17,16,33,5,4,9,8,5,4,9,8,33,20,21,22,23,20,21,22,23,33,24,25,26,27,24,25,26,27,33,20,23,15,14,20,23,15,14,33,23,22,12,15,23,22,12,15,33,21,20,14,13,21,20,14,13,33,24,27,19,18,24,27,19,18,33,27,26,16,19,27,26,16,19,33,25,24,18,17,25,24,18,17,33,22,21,26,25,22,21,26,25,33,6,0,25,17,6,0,25,17,33,8,0,6,5,8,0,6,5,32,8,11,0,8,11,0,33,25,0,3,12,25,0,3,12,32,25,12,22,25,12,22,33,21,13,2,4,21,13,2,4,33,2,1,10,4,2,1,10,4,32,10,9,4,10,9,4,33,21,4,7,16,21,4,7,16,32,21,16,26,21,16,26],
    "metadata": {
        "vertices": 28,
        "uvs": 0,
        "normals": 28,
        "faces": 28,
        "generator": "io_three",
        "type": "Geometry",
        "version": 3
    },
    "name": "Box779Geometry"
}