{
    "vertices": [108.98,130.96,-74.512,117.146,148.2,-74.512,117.178,148.184,-87.9293,109.013,130.945,-87.9293,110.906,130.048,-74.5082,110.938,130.033,-87.9255,119.104,147.272,-87.9255,119.071,147.288,-74.5082],
    "uvs": [],
    "normals": [-0.770074,-0.273995,0.576067,-0.275826,0.769433,0.576067,-0.273415,0.768395,-0.5786,-0.767754,-0.275216,-0.5786,0.273415,-0.768395,0.5786,0.275826,-0.769433,-0.576067,0.770074,0.273995,-0.576067,0.767754,0.275216,0.5786],
    "faces": [33,0,1,2,3,0,1,2,3,33,4,5,6,7,4,5,6,7,33,0,3,5,4,0,3,5,4,33,3,2,6,5,3,2,6,5,33,2,1,7,6,2,1,7,6,33,1,0,4,7,1,0,4,7],
    "metadata": {
        "vertices": 8,
        "uvs": 0,
        "normals": 8,
        "faces": 6,
        "generator": "io_three",
        "type": "Geometry",
        "version": 3
    },
    "name": "Box748Geometry"
}