{
    "uvs": [],
    "faces": [33,0,1,2,3,0,1,2,3,33,4,0,3,5,4,0,3,5,33,6,4,5,7,6,4,5,7,33,8,6,7,9,8,6,7,9,33,10,8,9,11,10,8,9,11,33,12,10,11,13,12,10,11,13,33,14,12,13,15,14,12,13,15,33,16,14,15,17,16,14,15,17,33,18,16,17,19,18,16,17,19,33,20,18,19,21,20,18,19,21,33,22,20,21,23,22,20,21,23,33,24,22,23,25,24,22,23,25,33,26,24,25,27,26,24,25,27,33,28,26,27,29,28,26,27,29,33,30,28,29,31,30,28,29,31,33,32,30,31,33,32,30,31,33,33,34,32,33,35,34,32,33,35,33,36,34,35,37,1,34,35,2,33,38,36,37,39,36,1,2,37,33,40,38,39,41,38,36,37,39,33,42,40,41,43,40,38,39,41,33,44,42,43,45,42,40,41,43,33,46,44,45,47,44,42,43,45,33,48,46,47,49,46,44,45,47,33,50,48,49,51,48,46,47,49,33,52,50,51,53,50,48,49,51,33,54,52,53,55,52,50,51,53,33,56,54,55,57,54,52,53,55,33,58,56,57,59,56,54,55,57,33,60,58,59,61,58,56,57,59,33,62,60,61,63,60,58,59,61,33,64,62,63,65,62,60,61,63,33,66,64,65,67,64,62,63,65,33,68,66,67,69,66,64,65,67,33,70,68,69,71,34,66,67,35,33,1,70,71,2,1,34,35,2,33,37,35,33,39,2,35,33,37,33,39,33,31,41,37,33,31,39,33,41,31,29,43,39,31,29,41,33,43,29,27,45,41,29,27,43,33,45,27,25,47,43,27,25,45,33,47,25,23,49,45,25,23,47,33,49,23,21,51,47,23,21,49,33,51,21,19,53,49,21,19,51,33,53,19,17,55,51,19,17,53,33,55,17,15,57,53,17,15,55,33,57,15,13,59,55,15,13,57,33,59,13,11,61,57,13,11,59,33,61,11,9,63,59,11,9,61,33,63,9,7,65,61,9,7,63,33,65,7,5,67,63,7,5,65,33,67,5,3,69,65,5,3,67,33,69,3,2,71,67,3,2,35,33,1,0,68,70,1,0,66,34,33,32,34,36,38,32,34,1,36,33,30,32,38,40,30,32,36,38,33,28,30,40,42,28,30,38,40,33,26,28,42,44,26,28,40,42,33,24,26,44,46,24,26,42,44,33,22,24,46,48,22,24,44,46,33,20,22,48,50,20,22,46,48,33,18,20,50,52,18,20,48,50,33,16,18,52,54,16,18,50,52,33,14,16,54,56,14,16,52,54,33,12,14,56,58,12,14,54,56,33,10,12,58,60,10,12,56,58,33,8,10,60,62,8,10,58,60,33,6,8,62,64,6,8,60,62,33,4,6,64,66,4,6,62,64,33,0,4,66,68,0,4,64,66],
    "name": "Line163Geometry",
    "vertices": [581.173,70.8808,90.4193,581.173,0.855189,90.4193,644.673,0.855189,90.4193,644.673,70.8808,90.4193,581.173,73.7806,90.7519,644.673,73.7806,90.7519,581.173,76.4399,91.6997,644.673,76.4399,91.6997,581.173,78.7838,93.1878,644.673,78.7838,93.1878,581.173,80.7372,95.1412,644.673,80.7372,95.1412,581.173,82.2253,97.485,644.673,82.2253,97.4851,581.173,83.1731,100.144,644.673,83.1731,100.144,581.173,83.5057,103.044,644.673,83.5057,103.044,581.173,83.5057,206.563,644.673,83.5057,206.563,581.173,83.1731,209.463,644.673,83.1731,209.463,581.173,82.2253,212.122,644.673,82.2253,212.122,581.173,80.7372,214.466,644.673,80.7372,214.466,581.173,78.7838,216.42,644.673,78.7838,216.42,581.173,76.44,217.908,644.673,76.44,217.908,581.173,73.7806,218.855,644.673,73.7806,218.855,581.173,70.8808,219.188,644.673,70.8808,219.188,581.173,0.855174,219.188,644.673,0.855174,219.188,581.173,0.855173,225.678,644.673,0.855173,225.678,581.173,70.9071,225.678,644.673,70.9071,225.678,581.173,75.281,225.174,644.673,75.281,225.174,581.173,79.2977,223.736,644.673,79.2977,223.736,581.173,82.8421,221.482,644.673,82.8421,221.482,581.173,85.7993,218.525,644.673,85.7993,218.525,581.173,88.054,214.98,644.673,88.054,214.98,581.173,89.4912,210.963,644.673,89.4912,210.963,581.173,89.9958,206.589,644.673,89.9958,206.59,581.173,89.9958,103.018,644.673,89.9958,103.018,581.173,89.4912,98.644,644.673,89.4912,98.644,581.173,88.054,94.6273,644.673,88.054,94.6273,581.173,85.7993,91.0829,644.673,85.7993,91.0829,581.173,82.8421,88.1258,644.673,82.8421,88.1258,581.173,79.2977,85.871,644.673,79.2977,85.871,581.173,75.281,84.4338,644.673,75.281,84.4338,581.173,70.9071,83.9292,644.673,70.9071,83.9292,581.173,0.85519,83.9292,644.673,0.85519,83.9292],
    "metadata": {
        "generator": "io_three",
        "uvs": 0,
        "faces": 70,
        "type": "Geometry",
        "vertices": 72,
        "version": 3,
        "normals": 68
    },
    "normals": [-0.720176,-0.039583,0.692648,-0.577349,-0.577349,0.577349,0.577349,-0.577349,0.577349,0.720176,-0.039583,0.692648,-0.733634,-0.153752,0.661885,0.733634,-0.153783,0.661885,-0.733055,-0.298288,0.611225,0.733055,-0.298288,0.611225,-0.732627,-0.425581,0.531114,0.732627,-0.425581,0.531114,-0.732627,-0.531114,0.425581,0.732627,-0.531114,0.425581,-0.733055,-0.611225,0.298288,0.733055,-0.611225,0.298288,-0.733634,-0.661885,0.153752,0.733634,-0.661885,0.153752,-0.720176,-0.692648,0.039583,0.720176,-0.692648,0.039583,-0.720176,-0.692648,-0.039583,0.720176,-0.692648,-0.039583,-0.733634,-0.661885,-0.153752,0.733634,-0.661885,-0.153752,-0.733055,-0.611225,-0.298288,0.733055,-0.611225,-0.298288,-0.732627,-0.531114,-0.425581,0.732627,-0.531114,-0.425581,-0.732627,-0.425581,-0.531114,0.732627,-0.425581,-0.531114,-0.733055,-0.298288,-0.611225,0.733055,-0.298288,-0.611225,-0.733634,-0.153752,-0.661885,0.733634,-0.153752,-0.661885,-0.720176,-0.039583,-0.692648,0.720176,-0.039583,-0.692648,-0.577349,-0.577349,-0.577349,0.577349,-0.577349,-0.577349,-0.694388,0.041292,0.718375,0.694388,0.041292,0.718375,-0.682302,0.166112,0.711936,0.682272,0.166112,0.711936,-0.682882,0.321085,0.656148,0.682882,0.321085,0.656148,-0.683309,0.456771,0.569536,0.683309,0.456771,0.569536,-0.683309,0.569536,0.456801,0.683309,0.569536,0.456801,-0.682882,0.656148,0.321055,0.682882,0.656148,0.321055,-0.682272,0.711936,0.166112,0.682272,0.711936,0.166112,-0.694388,0.718375,0.041292,0.694388,0.718375,0.041292,-0.694388,0.718375,-0.041292,0.694388,0.718375,-0.041292,-0.682272,0.711936,-0.166112,0.682272,0.711936,-0.166112,-0.682882,0.656148,-0.321085,0.682882,0.656148,-0.321085,-0.683309,0.569536,-0.456801,0.683309,0.569536,-0.456801,-0.68334,0.456771,-0.569536,0.683309,0.456771,-0.569536,-0.682882,0.321085,-0.656148,0.682882,0.321085,-0.656148,-0.682272,0.166112,-0.711936,0.682272,0.166112,-0.711936,-0.694388,0.041292,-0.718375,0.694388,0.041292,-0.718375]
}