{
    "vertices": [-464.155,5.425,33.9994,-459.936,-0.879004,34.8479,-459.936,-0.879004,31.7931,-464.155,5.425,30.9447,-465.588,34.9812,34.1766,-465.588,34.9812,31.1219,-465.317,48.8371,32.0074,-465.284,50.245,32.0736,-465.284,50.245,35.1283,-465.317,48.8371,35.0621,-463.21,84.7012,34.0653,-465.013,59.6162,35.3345,-465.013,59.6162,32.2798,-463.21,84.1149,31.0674,-460.957,106.428,31.3778,-460.957,105.815,28.3852,-459.035,121.8,28.1519,-459.035,121.244,25.1481,-458.221,127.374,26.4176,-458.221,127.374,23.3629,-490.759,127.374,18.9322,-490.759,127.374,21.9869,-522.482,121.8,28.1519,-523.296,127.374,26.4176,-523.296,127.374,23.3629,-522.482,121.244,25.1481,-520.56,106.428,31.3778,-520.56,105.815,28.3852,-518.307,84.7012,34.0653,-518.307,84.1149,31.0674,-516.504,59.6162,35.3345,-516.504,59.6162,32.2798,-516.233,50.245,35.1283,-516.233,50.245,32.0736,-516.2,48.8371,32.0074,-516.2,48.8371,35.0621,-517.362,5.425,33.9994,-515.929,34.9812,34.1766,-515.929,34.9812,31.1219,-517.362,5.425,30.9447,-521.581,-0.879004,34.8479,-521.581,-0.879004,31.7931,-490.759,-0.879003,27.3624,-490.759,-0.879004,30.4171,-459.42,47.9186,89.8125,-490.759,47.9186,93.6978,-490.759,46.5107,93.6316,-459.46,46.5107,89.7464,-490.759,50.245,27.6428,-490.759,48.8371,27.5767,-490.759,48.8371,30.6314,-490.759,50.245,30.6975,-522.057,46.5107,89.7464,-522.097,47.9186,89.8125],
    "uvs": [],
    "normals": [0.690237,0.264077,0.673635,0.687124,-0.392315,0.611469,0.77694,-0.394574,-0.490524,0.754112,0.21601,-0.620167,0.651418,3.1e-05,0.75869,0.744499,0.018983,-0.667318,0.763115,0.005982,-0.646229,0.774132,-0.034669,-0.632038,0.876339,0.380718,0.295022,0.883999,-0.391949,0.254677,0.603656,0.013153,0.797113,0.611805,0.039186,0.790002,0.783502,-0.094607,-0.614093,0.803949,-0.119144,-0.582629,0.60448,0.035829,0.79577,0.786431,-0.166021,-0.594928,0.65334,0.091861,0.751457,0.759239,-0.240638,-0.604633,0.613941,0.578539,0.536943,0.630055,0.497574,-0.596149,0,0.620411,-0.784234,0,0.792261,0.610157,-0.65334,0.091861,0.751457,-0.613941,0.578539,0.536973,-0.630055,0.497574,-0.596149,-0.759239,-0.240638,-0.604633,-0.60448,0.035829,0.79577,-0.786431,-0.166021,-0.594928,-0.603656,0.013153,0.797113,-0.803949,-0.119144,-0.582629,-0.611805,0.039186,0.790002,-0.783502,-0.094607,-0.614093,-0.876339,0.380749,0.295022,-0.774132,-0.034669,-0.632038,-0.763115,0.006012,-0.646199,-0.88403,-0.391919,0.254677,-0.690237,0.264046,0.673635,-0.651418,3.1e-05,0.75869,-0.744499,0.018983,-0.667318,-0.754112,0.21601,-0.620167,-0.687124,-0.392315,0.611469,-0.77694,-0.394574,-0.490524,0,-0.673208,-0.739433,0,-0.742973,0.669271,0.646687,0.548387,0.530106,0,0.64861,0.761101,0,-0.71102,0.703146,0.631733,-0.607013,0.482101,0,-0.026826,-0.999634,0,0.030702,-0.999512,0,-0.68862,0.725089,0,0.695456,0.718528,-0.631733,-0.606983,0.482101,-0.646687,0.548418,0.530106],
    "faces": [33,0,1,2,3,0,1,2,3,33,4,0,3,5,4,0,3,5,33,6,7,8,9,6,7,8,9,33,10,11,12,13,10,11,12,13,33,14,10,13,15,14,10,13,15,33,16,14,15,17,16,14,15,17,33,18,16,17,19,18,16,17,19,33,18,19,20,21,18,19,20,21,33,22,23,24,25,22,23,24,25,33,26,22,25,27,26,22,25,27,33,28,26,27,29,28,26,27,29,33,30,28,29,31,30,28,29,31,33,32,33,34,35,32,33,34,35,33,36,37,38,39,36,37,38,39,33,40,36,39,41,40,36,39,41,33,40,41,42,43,40,41,42,43,33,44,45,46,47,44,45,46,47,33,33,48,49,34,33,48,49,34,33,7,12,11,8,7,12,11,8,33,9,4,5,6,9,4,5,6,33,35,34,38,37,35,34,38,37,33,33,32,30,31,33,32,30,31,33,1,0,4,43,1,0,4,43,33,50,43,4,9,50,43,4,9,33,26,21,23,22,26,21,23,22,33,30,21,26,28,30,21,26,28,33,51,21,30,32,51,21,30,32,33,38,42,41,39,38,42,41,39,33,49,42,38,34,49,42,38,34,33,15,20,19,17,15,20,19,17,33,12,20,15,13,12,20,15,13,33,48,20,12,7,48,20,12,7,33,44,47,9,8,44,47,9,8,33,47,46,50,9,47,46,50,9,33,52,53,32,35,52,53,32,35,33,53,45,51,32,53,45,51,32,33,21,20,24,23,21,20,24,23,33,43,42,2,1,43,42,2,1,33,46,45,53,52,46,45,53,52,33,49,48,7,6,49,48,7,6,33,37,36,40,43,37,36,40,43,33,50,35,37,43,50,35,37,43,33,14,16,18,21,14,16,18,21,33,11,10,14,21,11,10,14,21,33,51,8,11,21,51,8,11,21,33,5,3,2,42,5,3,2,42,33,49,6,5,42,49,6,5,42,33,27,25,24,20,27,25,24,20,33,31,29,27,20,31,29,27,20,33,48,33,31,20,48,33,31,20,33,50,46,52,35,50,46,52,35,33,51,45,44,8,51,45,44,8],
    "metadata": {
        "vertices": 54,
        "uvs": 0,
        "normals": 54,
        "faces": 52,
        "generator": "io_three",
        "type": "Geometry",
        "version": 3
    },
    "name": "Line158Geometry"
}