{
    "vertices": [-341.198,0.568619,-156.779,-343.508,0.56862,-164.585,-335.703,0.56862,-166.895,-333.393,0.568619,-159.089,-341.198,169.109,-156.779,-333.393,169.109,-159.089,-335.703,169.109,-166.895,-343.508,169.109,-164.585,-341.076,0.998619,-156.367,-333.271,0.998619,-158.677,-333.271,159.679,-158.677,-341.076,159.679,-156.367,-332.981,0.998619,-159.211,-335.29,0.99862,-167.017,-335.29,159.679,-167.017,-332.981,159.679,-159.211,-335.825,0.99862,-167.307,-343.63,0.99862,-164.997,-343.63,159.679,-164.997,-335.825,159.679,-167.307,-343.921,0.99862,-164.463,-341.611,0.998619,-156.657,-341.611,159.679,-156.657,-343.921,159.679,-164.463,-341.076,160.539,-156.367,-333.271,160.539,-158.677,-333.271,168.679,-158.677,-341.076,168.679,-156.367,-332.981,160.539,-159.211,-335.29,160.539,-167.017,-335.29,168.679,-167.017,-332.981,168.679,-159.211,-335.825,160.539,-167.307,-343.63,160.539,-164.997,-343.63,168.679,-164.997,-335.825,168.679,-167.307,-427.591,160.539,-139.702,-425.281,160.539,-131.897,-425.281,168.679,-131.897,-427.591,168.679,-139.702,-344.333,160.109,-164.341,-342.023,160.109,-156.535,-416.238,160.109,-134.573,-418.548,160.109,-142.378,-341.901,160.539,-156.123,-341.901,168.679,-156.123,-416.116,168.679,-134.161,-416.116,160.539,-134.161,-342.023,169.109,-156.535,-344.333,169.109,-164.341,-418.548,169.109,-142.378,-416.238,169.109,-134.573,-344.455,168.679,-164.753,-344.455,160.539,-164.753,-418.67,160.539,-142.791,-418.67,168.679,-142.791,-419.373,-0.448683,-142.134,-417.063,-0.448684,-134.329,-424.868,-0.448684,-132.019,-427.178,-0.448683,-139.824,-416.941,160.539,-133.917,-416.941,168.679,-133.917,-424.746,168.679,-131.607,-424.746,160.539,-131.607,-417.063,169.109,-134.329,-419.373,169.109,-142.134,-427.178,169.109,-139.824,-424.868,169.109,-132.019,-419.495,168.679,-142.547,-419.495,160.539,-142.547,-427.3,160.539,-140.237,-427.3,168.679,-140.237,-418.961,159.679,-142.256,-416.651,159.679,-134.451,-416.651,-0.018684,-134.451,-418.961,-0.018683,-142.256,-416.941,159.679,-133.917,-424.746,159.679,-131.607,-424.746,-0.018684,-131.607,-416.941,-0.018684,-133.917,-425.281,159.679,-131.897,-427.591,159.679,-139.702,-427.591,-0.018683,-139.702,-425.281,-0.018684,-131.897,-427.3,159.679,-140.237,-419.495,159.679,-142.547,-419.495,-0.018683,-142.547,-427.3,-0.018683,-140.237],
    "uvs": [],
    "normals": [-0.230598,-0.875576,0.424421,-0.424451,-0.875576,-0.230628,0.230598,-0.875546,-0.424482,0.424451,-0.875576,0.230598,0.108585,0.923856,0.366924,0.424451,0.875576,0.230598,0.230567,0.875546,-0.424482,-0.108585,0.923856,-0.366955,-0.079073,-0.341594,0.936491,0.575976,-0.341594,0.742637,0.629078,0,0.777306,-0.016907,-0.109989,0.993774,0.936491,-0.341594,0.079104,0.742637,-0.341563,-0.575976,0.777276,0,-0.629109,0.994476,0,0.104801,0.079073,-0.341563,-0.936491,-0.576006,-0.341563,-0.742637,-0.629109,0,-0.777276,0.10477,0,-0.994476,-0.936491,-0.341563,-0.079043,-0.742637,-0.341594,0.576006,-0.691702,-0.387799,0.60918,-0.91998,-0.305002,-0.246132,0.208441,-0.076754,0.975005,0.575976,0.341563,0.742637,0.262154,0.382672,0.885891,0.742637,0.341563,-0.576006,0.936491,0.341563,0.079104,-0.378735,-0.094363,-0.920652,-0.262185,0.382641,-0.885891,0.079043,0.341563,-0.936521,-0.994476,0,-0.10474,-0.777306,0,0.629109,-0.742637,0.341594,0.576006,-0.936491,0.341594,-0.079043,-0.381024,-0.832362,-0.402417,-0.176397,-0.801782,0.57094,0.481979,-0.836116,0.261849,0.151433,-0.812281,-0.563219,0.195532,-0.268105,0.943327,0.262123,0.382641,0.885891,0.374493,-0.298196,0.877957,0.108585,0.923856,0.366955,-0.31138,-0.323099,-0.893643,-0.262123,-0.382672,-0.885891,-0.262123,0.382641,-0.885891,0.230598,-0.875576,-0.424451,-0.424451,-0.875576,-0.230567,0.355663,-0.076754,0.931425,0.262123,0.382672,0.885891,-0.079073,0.341594,0.936491,-0.10477,0,0.994476,0.108554,0.923856,0.366955,-0.108585,0.923856,-0.366924,-0.424451,0.875576,-0.230567,-0.230598,0.875576,0.424421,-0.262123,0.382672,-0.885891,-0.190466,-0.101871,-0.976379,-0.629139,0,-0.777276,-0.576006,0.341594,-0.742607,0.657979,-0.251137,-0.709891,0.910001,-0.331126,0.249428,0.936491,-0.341563,0.079104,0.742637,-0.341594,-0.575976,0.529496,-0.080142,0.844508,0.575976,-0.341563,0.742637,-0.936491,-0.341594,-0.079043,-0.742637,-0.341594,0.575976,0.041566,-0.044954,-0.998108,0.079073,-0.341594,-0.936491,-0.576006,-0.341594,-0.742607],
    "faces": [33,0,1,2,3,0,1,2,3,33,4,5,6,7,4,5,6,7,33,8,9,10,11,8,9,10,11,33,12,13,14,15,12,13,14,15,33,16,17,18,19,16,17,18,19,33,20,21,22,23,20,21,22,23,33,24,25,26,27,24,10,25,26,33,28,29,30,31,15,14,27,28,33,32,33,34,35,19,29,30,31,33,36,37,38,39,32,33,34,35,33,40,41,42,43,36,37,38,39,33,44,45,46,47,40,26,41,42,33,48,49,50,51,43,7,7,43,33,52,53,54,55,30,44,45,46,33,56,57,58,59,47,3,0,48,33,60,61,62,63,49,50,51,52,33,64,65,66,67,53,54,55,56,33,68,69,70,71,57,58,59,60,33,72,73,74,75,61,62,63,64,33,76,77,78,79,65,52,8,66,33,80,81,82,83,33,32,67,68,33,84,85,86,87,59,69,70,71,32,8,21,0,8,21,0,32,3,12,9,3,12,9,32,20,17,1,20,17,1,32,2,16,13,2,16,13,33,11,24,44,41,11,24,40,37,32,11,41,22,11,37,22,33,15,28,25,10,15,15,10,10,33,23,40,53,33,23,36,44,29,32,23,33,18,23,29,18,33,19,32,29,14,19,19,14,14,33,27,4,48,45,26,4,43,26,32,31,5,26,28,5,25,32,35,6,30,31,6,27,33,52,49,7,34,30,7,7,30,33,43,72,85,69,39,61,69,58,32,43,69,54,39,58,45,33,47,60,76,73,42,49,65,62,32,47,73,42,42,62,38,33,51,64,61,46,43,53,50,41,33,55,68,65,50,46,57,54,7,33,84,81,36,70,59,32,32,59,33,63,37,80,77,52,33,33,52,32,67,38,62,56,34,51,32,71,39,66,60,35,55,32,75,56,86,64,47,70,32,79,57,74,66,3,63,32,83,58,78,68,0,8,32,87,59,82,71,48,67,33,0,21,20,1,0,21,20,1,33,1,17,16,2,1,17,16,2,33,2,13,12,3,2,13,12,3,33,8,0,3,9,8,0,3,9,33,24,11,10,25,24,11,10,10,33,28,15,14,29,15,15,14,14,33,32,19,18,33,19,19,18,29,33,40,23,22,41,36,23,22,37,33,9,12,15,10,9,12,15,10,33,11,22,21,8,11,22,21,8,33,13,16,19,14,13,16,19,14,33,17,20,23,18,17,20,23,18,33,4,27,26,5,4,26,25,5,33,5,31,30,6,5,28,27,6,33,6,35,34,7,6,31,30,7,33,48,4,7,49,43,4,7,7,33,44,24,27,45,40,24,26,26,33,25,28,31,26,10,15,28,25,33,29,32,35,30,14,19,31,27,33,52,34,33,53,30,30,29,44,33,72,43,42,73,61,39,38,62,33,60,47,46,61,49,42,41,50,33,64,51,50,65,53,43,7,54,33,68,55,54,69,57,46,45,58,33,53,40,43,54,44,36,39,45,33,41,44,47,42,37,40,42,38,33,45,48,51,46,26,43,43,41,33,49,52,55,50,7,30,46,7,33,80,37,36,81,33,33,32,32,33,37,63,62,38,33,52,51,34,33,38,67,66,39,34,56,55,35,33,39,71,70,36,35,60,59,32,33,84,70,69,85,59,59,58,69,33,76,60,63,77,65,49,52,52,33,61,64,67,62,50,53,56,51,33,65,68,71,66,54,57,60,55,33,56,75,74,57,47,64,63,3,33,57,79,78,58,3,66,8,0,33,58,83,82,59,0,68,67,48,33,59,87,86,56,48,71,70,47,33,85,72,75,86,69,61,64,70,33,73,76,79,74,62,65,66,63,33,77,80,83,78,52,33,68,8,33,81,84,87,82,32,59,71,67],
    "metadata": {
        "vertices": 88,
        "uvs": 0,
        "normals": 72,
        "faces": 94,
        "generator": "io_three",
        "type": "Geometry",
        "version": 3
    },
    "name": "Box325Geometry"
}