{
    "normals": [0.584582,-0.719077,-0.375683,0.384075,-0.889676,-0.246834,0.456557,-0.889676,0,0.694906,-0.719077,0,0.288644,-0.719077,-0.632099,0.189642,-0.889676,-0.415326,-0.09888,-0.719077,-0.687826,-0.064974,-0.889676,-0.451918,-0.455061,-0.719077,-0.525163,-0.29899,-0.889676,-0.345042,-0.666738,-0.719077,-0.195776,-0.438063,-0.889676,-0.128605,-0.666738,-0.719077,0.195776,-0.438063,-0.889676,0.128605,-0.455061,-0.719077,0.525163,-0.29899,-0.889676,0.345042,-0.09888,-0.719077,0.687826,-0.064974,-0.889676,0.451918,0.288675,-0.719077,0.632099,0.189642,-0.889676,0.415296,0.584582,-0.719077,0.375683,0.384075,-0.889676,0.246834,-0.564898,0.740989,0.363018,-0.278939,0.740989,0.610828,0.095553,0.740989,0.664663,0.644307,0.740959,0.189184,0.439741,0.740959,0.507492,0.644307,0.740959,-0.189184,0.439741,0.740959,-0.507492,-0.278939,0.740959,-0.610828,0.095553,0.740959,-0.664663,-0.564898,0.740959,-0.363048,-0.671499,0.740959,0,0.200934,0.979583,0,0.169012,0.979583,-0.108615,-0.583911,0.719871,0.375256,-0.694082,0.719871,0,0.083438,0.979583,-0.182745,-0.288339,0.71984,0.631367,-0.028565,0.979583,-0.198859,0.098758,0.719871,0.687033,-0.131565,0.979583,-0.15183,0.454512,0.719871,0.524552,-0.192755,0.979583,-0.056581,0.665975,0.71984,0.195532,-0.192755,0.979583,0.056581,0.665975,0.71984,-0.195532,-0.131565,0.979583,0.15183,0.454512,0.719871,-0.524552,-0.028565,0.979583,0.198859,0.098758,0.719871,-0.687033,0.083438,0.979583,0.182745,-0.288339,0.719871,-0.631367,0.169012,0.979583,0.108615,-0.583911,0.719871,-0.375256,0.787317,0.352214,-0.505966,0.935911,0.352214,0,0.634419,-0.772973,0,0.533708,-0.772973,-0.342967,0.388775,0.352214,-0.851314,0.263527,-0.772973,-0.577074,-0.133183,0.352214,-0.926359,-0.090274,-0.772973,-0.627949,-0.612873,0.352214,-0.707297,-0.415448,-0.772973,-0.479446,-0.897977,0.352214,-0.26368,-0.608722,-0.772973,-0.178716,-0.897977,0.352245,0.263649,-0.608722,-0.772973,0.178716,-0.612873,0.352214,0.707297,-0.415448,-0.772973,0.479446,-0.133183,0.352214,0.926389,-0.090274,-0.772973,0.627949,0.388775,0.352214,0.851314,0.263527,-0.772973,0.577074,0.787317,0.352214,0.505997,0.533708,-0.772973,0.342967],
    "name": "Cylinder111Geometry",
    "vertices": [328.622,93.1328,-88.8034,330.227,102.867,-89.8351,331.252,102.867,-86.3442,329.344,93.1328,-86.3442,326.685,93.1328,-90.4818,327.477,102.867,-92.2177,324.148,93.1328,-90.8465,323.876,102.867,-92.7355,321.816,93.1328,-89.7818,320.567,102.867,-91.2241,320.431,93.1328,-87.6257,318.599,102.867,-88.1634,320.431,93.1328,-85.0627,318.599,102.867,-84.525,321.816,93.1328,-82.9066,320.567,102.867,-81.4643,324.148,93.1328,-81.8419,323.876,102.867,-79.9529,326.685,93.1328,-82.2066,327.477,102.867,-80.4707,328.622,93.1328,-83.885,330.227,102.867,-82.8533,329.345,102.337,-89.2685,327.042,102.337,-91.2644,324.025,102.337,-91.6981,319.605,102.337,-87.8681,321.253,102.337,-90.432,319.605,102.337,-84.8203,321.253,102.337,-82.2564,327.042,102.337,-81.424,324.025,102.337,-80.9903,329.345,102.337,-83.4199,330.204,102.337,-86.3442,331.5,104.428,-86.3442,330.436,104.428,-89.9692,329.742,104.132,-89.5232,330.675,104.132,-86.3442,327.58,104.428,-92.4433,327.238,104.132,-91.6928,323.841,104.428,-92.981,323.958,104.132,-92.1643,320.404,104.428,-91.4115,320.944,104.132,-90.788,318.362,104.428,-88.2332,319.153,104.132,-88.0008,318.362,104.428,-84.4552,319.153,104.132,-84.6876,320.404,104.428,-81.2769,320.944,104.132,-81.9004,323.841,104.428,-79.7074,323.958,104.132,-80.5241,327.58,104.428,-80.2451,327.238,104.132,-80.9956,330.436,104.428,-82.7192,329.742,104.132,-83.1653,330.962,104.009,-90.3076,332.126,104.009,-86.3442,331.878,102.744,-86.3442,330.754,102.744,-90.1735,327.84,104.009,-93.0126,327.737,102.744,-92.7871,323.752,104.009,-93.6005,323.787,102.744,-93.355,319.994,104.009,-91.8845,320.157,102.744,-91.6971,317.761,104.009,-88.4096,317.999,102.744,-88.3397,317.761,104.009,-84.2789,317.999,102.744,-84.3487,319.994,104.009,-80.8039,320.157,102.744,-80.9913,323.752,104.009,-79.0879,323.787,102.744,-79.3334,327.84,104.009,-79.6758,327.737,102.744,-79.9014,330.962,104.009,-82.3808,330.754,102.744,-82.5149],
    "faces": [33,0,1,2,3,0,1,2,3,33,1,0,4,5,1,0,4,5,33,6,7,5,4,6,7,5,4,33,8,9,7,6,8,9,7,6,33,10,11,9,8,10,11,9,8,33,12,13,11,10,12,13,11,10,33,14,15,13,12,14,15,13,12,33,16,17,15,14,16,17,15,14,33,18,19,17,16,18,19,17,16,33,20,21,19,18,20,21,19,18,33,3,2,21,20,3,2,21,20,33,18,16,14,10,18,16,14,10,32,14,12,10,14,12,10,33,6,0,10,8,6,0,10,8,32,6,4,0,6,4,0,33,0,3,18,10,0,3,18,10,32,20,18,3,20,18,3,33,22,23,24,25,22,23,24,25,32,24,26,25,24,26,25,33,25,27,28,29,25,27,28,29,32,28,30,29,28,30,29,33,22,25,29,31,22,25,29,31,32,32,22,31,32,22,31,33,33,34,35,36,33,34,35,36,33,34,37,38,35,34,37,38,35,33,37,39,40,38,37,39,40,38,33,39,41,42,40,39,41,42,40,33,41,43,44,42,41,43,44,42,33,43,45,46,44,43,45,46,44,33,45,47,48,46,45,47,48,46,33,47,49,50,48,47,49,50,48,33,49,51,52,50,49,51,52,50,33,51,53,54,52,51,53,54,52,33,53,33,36,54,53,33,36,54,33,36,35,22,32,36,35,22,32,33,35,38,23,22,35,38,23,22,33,38,40,24,23,38,40,24,23,33,40,42,26,24,40,42,26,24,33,42,44,25,26,42,44,25,26,33,44,46,27,25,44,46,27,25,33,46,48,28,27,46,48,28,27,33,48,50,30,28,48,50,30,28,33,50,52,29,30,50,52,29,30,33,52,54,31,29,52,54,31,29,33,54,36,32,31,54,36,32,31,33,55,56,57,58,55,56,57,58,33,59,55,58,60,59,55,58,60,33,61,59,60,62,61,59,60,62,33,63,61,62,64,63,61,62,64,33,65,63,64,66,65,63,64,66,33,67,65,66,68,67,65,66,68,33,69,67,68,70,69,67,68,70,33,71,69,70,72,71,69,70,72,33,73,71,72,74,73,71,72,74,33,75,73,74,76,75,73,74,76,33,56,75,76,57,56,75,76,57,33,34,33,56,55,34,33,56,55,33,33,53,75,56,33,53,75,56,33,53,51,73,75,53,51,73,75,33,51,49,71,73,51,49,71,73,33,49,47,69,71,49,47,69,71,33,47,45,67,69,47,45,67,69,33,45,43,65,67,45,43,65,67,33,43,41,63,65,43,41,63,65,33,41,39,61,63,41,39,61,63,33,39,37,59,61,39,37,59,61,33,37,34,55,59,37,34,55,59,33,2,1,58,57,2,1,58,57,33,1,5,60,58,1,5,60,58,33,5,7,62,60,5,7,62,60,33,7,9,64,62,7,9,64,62,33,9,11,66,64,9,11,66,64,33,11,13,68,66,11,13,68,66,33,13,15,70,68,13,15,70,68,33,15,17,72,70,15,17,72,70,33,17,19,74,72,17,19,74,72,33,19,21,76,74,19,21,76,74,33,21,2,57,76,21,2,57,76],
    "uvs": [],
    "metadata": {
        "normals": 77,
        "version": 3,
        "vertices": 77,
        "uvs": 0,
        "faces": 78,
        "type": "Geometry",
        "generator": "io_three"
    }
}