{
    "metadata": {
        "generator": "io_three",
        "normals": 127,
        "vertices": 152,
        "faces": 154,
        "type": "Geometry",
        "version": 3,
        "uvs": 0
    },
    "name": "Box294Geometry",
    "normals": [-0.341563,-0.875576,0.341563,-0.341563,-0.875576,-0.341563,0.341563,-0.875576,-0.341563,0.341563,-0.875576,0.341563,-0.341563,0.875576,0.341563,0.341563,0.875576,0.341563,0.341563,0.875576,-0.341563,-0.341563,0.875576,-0.341563,-0.341563,-0.341563,0.875546,0.341563,-0.341563,0.875546,0.341563,0.341563,0.875576,-0.341563,0.341563,0.875576,0.875576,-0.341563,0.341563,0.875576,-0.341563,-0.341563,0.875576,0.341563,-0.341563,0.875576,0.341563,0.341563,0.341563,-0.341594,-0.875546,-0.341563,-0.341594,-0.875546,-0.341563,0.341563,-0.875546,0.341563,0.341563,-0.875546,-0.875576,-0.341594,-0.341563,-0.875576,-0.341594,0.341563,-0.875576,0.341563,0.341563,-0.875576,0.341563,-0.341563,-0.875454,-0.341716,0.341685,-0.875454,0.341716,0.341685,-0.875484,0.341655,-0.341685,-0.875484,-0.341655,-0.341716,0.875454,-0.341746,0.341685,0.875454,-0.341685,-0.341685,0.875484,0.341685,-0.341685,0.875454,0.341746,0.341685,-0.341411,-0.875607,0.341594,-0.341441,-0.875607,-0.341624,0.341441,-0.875607,-0.341594,0.341411,-0.875637,0.341563,-0.341441,-0.341563,-0.875607,-0.341472,0.341563,-0.875607,0.341441,0.341594,-0.875607,0.341441,-0.341563,-0.875607,-0.341441,0.875607,-0.341594,-0.341411,0.875607,0.341594,0.34138,0.875637,0.341563,0.341441,0.875607,-0.341594,-0.341441,0.341594,0.875607,-0.341441,-0.341594,0.875607,0.341441,-0.341624,0.875607,0.341411,0.341624,0.875607,-0.434675,-0.821894,0.368084,-0.434706,-0.821894,-0.368084,0.434736,-0.821863,-0.368114,0.434706,-0.821863,0.368084,-0.434736,-0.368084,-0.821863,-0.434736,0.368053,-0.821894,0.434767,0.368023,-0.821894,0.434736,-0.368053,-0.821894,-0.434736,0.821863,-0.368114,-0.434706,0.821894,0.368053,0.434736,0.821863,0.368084,0.434767,0.821833,-0.368114,-0.434706,0.368114,0.821863,-0.434706,-0.368114,0.821863,0.434736,-0.368084,0.821894,0.434736,0.368084,0.821863,-0.920103,-0.089236,0.381298,-0.920103,0.089236,0.381298,-0.963073,-0.107913,-0.24662,-0.963073,0.107974,-0.24659,-0.920072,0.38139,0.089206,-0.920103,0.381329,-0.089236,-0.963073,-0.24659,0.107974,-0.963073,-0.24662,-0.107974,-0.920103,0.089206,-0.381298,-0.920103,-0.089236,-0.381298,-0.963073,0.107944,0.24659,-0.963042,-0.107944,0.246651,-0.920103,-0.381359,-0.089206,-0.920072,-0.381359,0.089206,-0.963042,0.246651,-0.107944,-0.963073,0.24659,0.107944,0.920103,-0.381359,0.089236,0.920103,-0.381329,-0.089236,0.963073,0.24659,0.107974,0.963042,0.246651,-0.107944,0.920103,-0.089175,-0.381298,0.920103,0.089145,-0.381298,0.963042,-0.107944,0.246651,0.963073,0.107944,0.24659,0.920133,0.381237,-0.089236,0.920103,0.381298,0.089206,0.963042,-0.246651,-0.107944,0.963073,-0.24659,0.107974,0.920103,0.089206,0.381329,0.920103,-0.089206,0.381329,0.963073,0.107974,-0.24659,0.963073,-0.107974,-0.24662,0.456404,0.327555,0.827265,0.456374,-0.327586,0.827265,-0.456374,-0.327616,0.827265,-0.456374,0.327586,0.827265,-0.456374,0.327616,-0.827265,-0.456374,-0.327616,-0.827265,0.456343,-0.327647,-0.827235,0.456374,0.327647,-0.827235,0.456374,-0.827235,0.327616,0.456343,-0.827265,-0.327647,-0.456374,-0.827235,-0.327647,-0.456374,-0.827265,0.327616,0.456343,0.827265,-0.327616,0.456404,0.827235,0.327616,-0.456374,0.827265,0.327586,-0.456343,0.827265,-0.327616,-0.577349,-0.577349,0.577349,-0.577349,-0.577349,-0.577349,0.577349,-0.577349,-0.577349,0.577349,-0.577349,0.577349,-0.577349,0.577349,0.577349,0.577349,0.577349,0.577349,0.577349,0.577349,-0.577349,-0.577349,0.577349,-0.577349,-0.875484,-0.341655,-0.341685,0.875484,-0.341685,-0.341685,-0.341472,-0.341563,-0.875607,0.341441,-0.341594,-0.875607,-0.341441,0.875607,-0.341624,0.341411,0.875637,0.341563,0.341441,0.341624,0.875607],
    "vertices": [-614.689,2.4e-05,-205.119,-614.689,3.3e-05,-275.785,-556.597,3.3e-05,-275.785,-556.597,2.4e-05,-205.119,-614.689,96.0565,-205.119,-556.597,96.0565,-205.119,-556.597,96.0565,-275.785,-614.689,96.0565,-275.785,-614.689,0.670024,-204.449,-556.597,0.670024,-204.449,-556.597,95.3865,-204.449,-614.689,95.3865,-204.449,-555.927,0.670024,-205.119,-555.927,0.670033,-275.785,-555.927,95.3865,-275.785,-555.927,95.3865,-205.119,-556.597,0.670033,-276.455,-614.689,0.670033,-276.455,-614.689,95.3865,-276.455,-556.597,95.3865,-276.455,-615.359,0.670033,-275.785,-615.359,0.670024,-205.119,-615.359,95.3865,-205.119,-615.359,95.3865,-275.785,-556.767,79.2418,-207.115,-556.767,93.2057,-207.115,-556.767,93.2057,-274.119,-556.767,79.2418,-274.119,-554.408,79.2418,-207.115,-554.408,79.2418,-274.119,-554.408,93.2057,-274.119,-554.408,93.2057,-207.115,-556.557,79.0318,-207.115,-556.557,79.0318,-274.119,-554.619,79.0318,-274.119,-554.619,79.0318,-207.115,-556.557,79.2418,-274.329,-556.557,93.2057,-274.329,-554.619,93.2057,-274.329,-554.619,79.2418,-274.329,-556.557,93.4157,-274.119,-556.557,93.4157,-207.115,-554.619,93.4157,-207.115,-554.619,93.4157,-274.119,-556.557,93.2057,-206.905,-556.557,79.2418,-206.905,-554.619,79.2418,-206.905,-554.619,93.2057,-206.905,-556.557,20.5529,-207.115,-556.557,20.5529,-274.119,-554.619,20.5529,-274.119,-554.619,20.5529,-207.115,-556.557,20.7629,-274.329,-556.557,76.2116,-274.329,-554.619,76.2116,-274.329,-554.619,20.7629,-274.329,-556.557,76.4216,-274.119,-556.557,76.4216,-207.115,-554.619,76.4216,-207.115,-554.619,76.4216,-274.119,-556.557,76.2116,-206.905,-556.557,20.7629,-206.905,-554.619,20.7629,-206.905,-554.619,76.2116,-206.905,-556.767,21.0599,-207.115,-556.767,75.9146,-207.115,-556.767,62.9968,-220.032,-556.767,33.9776,-220.032,-556.767,76.2116,-207.412,-556.767,76.2116,-273.822,-556.767,63.2938,-260.904,-556.767,63.2938,-220.329,-556.767,75.9146,-274.119,-556.767,21.0599,-274.119,-556.767,33.9776,-261.201,-556.767,62.9968,-261.201,-556.767,20.7629,-273.822,-556.767,20.7629,-207.412,-556.767,33.6807,-220.329,-556.767,33.6807,-260.904,-554.408,20.7629,-207.412,-554.408,20.7629,-273.822,-554.408,33.6807,-260.904,-554.408,33.6807,-220.329,-554.408,21.0599,-274.119,-554.408,75.9146,-274.119,-554.408,62.9968,-261.201,-554.408,33.9776,-261.201,-554.408,76.2116,-273.822,-554.408,76.2116,-207.412,-554.408,63.2938,-220.329,-554.408,63.2938,-260.904,-554.408,75.9146,-207.115,-554.408,21.0599,-207.115,-554.408,33.9776,-220.032,-554.408,62.9968,-220.032,-554.619,34.1007,-260.991,-554.619,62.8738,-260.991,-556.557,62.8738,-260.991,-556.557,34.1007,-260.991,-556.557,34.1007,-220.242,-556.557,62.8738,-220.242,-554.619,62.8738,-220.242,-554.619,34.1007,-220.242,-554.619,63.0838,-260.781,-554.619,63.0838,-220.452,-556.557,63.0838,-220.452,-556.557,63.0838,-260.781,-554.619,33.8907,-220.452,-554.619,33.8907,-260.781,-556.557,33.8907,-260.781,-556.557,33.8907,-220.452,-556.207,33.1922,-219.428,-556.207,33.1922,-261.965,-555.503,33.1922,-261.965,-555.503,33.1922,-219.428,-556.207,64.4016,-219.428,-555.503,64.4016,-219.428,-555.503,64.4016,-261.965,-556.207,64.4016,-261.965,-611.415,99.1166,-205.622,-611.415,99.1166,-274.806,-557.444,99.1166,-274.806,-557.444,99.1166,-205.622,-611.415,100.617,-205.622,-557.444,100.617,-205.622,-557.444,100.617,-274.806,-611.415,100.617,-274.806,-556.767,2.14502,-207.115,-556.767,18.1504,-207.115,-556.767,18.1504,-274.119,-556.767,2.14503,-274.119,-554.408,2.14502,-207.115,-554.408,2.14503,-274.119,-554.408,18.1504,-274.119,-554.408,18.1504,-207.115,-556.557,1.93502,-207.115,-556.557,1.93503,-274.119,-554.619,1.93503,-274.119,-554.619,1.93502,-207.115,-556.557,2.14503,-274.329,-556.557,18.1504,-274.329,-554.619,18.1504,-274.329,-554.619,2.14503,-274.329,-556.557,18.3604,-274.119,-556.557,18.3604,-207.115,-554.619,18.3604,-207.115,-554.619,18.3604,-274.119,-556.557,18.1504,-206.905,-556.557,2.14502,-206.905,-554.619,2.14502,-206.905,-554.619,18.1504,-206.905],