{
    "vertices": [-594.064,211.966,-225.69,-581.288,211.966,-225.69,-581.288,211.966,-254.368,-594.064,211.966,-254.368,-597.307,160.513,-222.447,-578.045,160.513,-222.447,-578.045,170.513,-222.447,-597.307,170.513,-222.447,-578.045,160.513,-257.611,-578.045,170.513,-257.611,-597.307,160.513,-257.611,-597.307,170.513,-257.611,-581.288,170.513,-225.69,-594.064,170.513,-225.69,-581.288,170.513,-254.368,-594.064,170.513,-254.368],
    "uvs": [],
    "normals": [-0.577349,0.577349,0.577349,0.577349,0.577349,0.577349,0.577349,0.577349,-0.577349,-0.577349,0.577349,-0.577349,-0.577349,-0.577349,0.577349,0.577349,-0.577349,0.577349,0.577349,-0.577349,-0.577349,-0.577349,-0.577349,-0.577349,0.301492,0.904508,0.301492,-0.301492,0.904508,0.301492,0.301492,0.904508,-0.301492,-0.301492,0.904508,-0.301492],
    "faces": [33,0,1,2,3,0,1,2,3,33,4,5,6,7,4,5,1,0,33,5,8,9,6,5,6,2,1,33,8,10,11,9,6,7,3,2,33,10,4,7,11,7,4,0,3,33,7,6,12,13,0,1,8,9,33,6,9,14,12,1,2,10,8,33,9,11,15,14,2,3,11,10,33,11,7,13,15,3,0,9,11,33,1,0,13,12,1,0,9,8,33,12,14,2,1,8,10,2,1,33,14,15,3,2,10,11,3,2,33,0,3,15,13,0,3,11,9,33,10,8,5,4,7,6,5,4],
    "metadata": {
        "vertices": 16,
        "uvs": 0,
        "normals": 12,
        "faces": 14,
        "generator": "io_three",
        "type": "Geometry",
        "version": 3
    },
    "name": "Box317Geometry"
}