{
    "vertices": [-97.4504,22.9422,-42.1269,-97.4504,38.1837,-42.1269,-98.3562,38.1837,-52.8091,-98.3562,22.9422,-52.8091,-95.7544,22.9422,-42.2722,-96.6601,22.9422,-52.9544,-96.6601,38.1837,-52.9544,-95.7543,38.1837,-42.2722],
    "uvs": [],
    "normals": [-0.526231,-0.577288,0.624317,-0.526231,0.577288,0.624317,-0.624256,0.57738,-0.5262,-0.624256,-0.57738,-0.5262,0.624256,-0.57738,0.5262,0.526231,-0.577288,-0.624317,0.526231,0.577288,-0.624317,0.624256,0.57738,0.5262],
    "faces": [33,0,1,2,3,0,1,2,3,33,4,5,6,7,4,5,6,7,33,0,3,5,4,0,3,5,4,33,3,2,6,5,3,2,6,5,33,2,1,7,6,2,1,7,6,33,1,0,4,7,1,0,4,7],
    "metadata": {
        "vertices": 8,
        "uvs": 0,
        "normals": 8,
        "faces": 6,
        "generator": "io_three",
        "type": "Geometry",
        "version": 3
    },
    "name": "Box701Geometry"
}