{
    "uvs": [],
    "faces": [32,0,1,2,0,1,2,32,0,2,3,0,2,3,32,0,3,4,0,3,4,32,0,4,5,0,4,5,32,0,5,6,0,5,6,32,0,6,7,0,6,7,32,0,7,8,0,7,8,32,0,8,9,0,8,9,32,0,9,10,0,9,10,32,0,10,1,0,10,1,33,1,11,12,2,1,11,12,2,33,2,12,13,3,2,12,13,3,33,3,13,14,4,3,13,14,4,33,4,14,15,5,4,14,15,5,33,5,15,16,6,5,15,16,6,33,6,16,17,7,6,16,17,7,33,7,17,18,8,7,17,18,8,33,8,18,19,9,8,18,19,9,33,9,19,20,10,9,19,20,10,33,10,20,11,1,10,20,11,1,33,11,21,22,12,11,21,22,12,33,12,22,23,13,12,22,23,13,33,13,23,24,14,13,23,24,14,33,14,24,25,15,14,24,25,15,33,15,25,26,16,15,25,26,16,33,16,26,27,17,16,26,27,17,33,17,27,28,18,17,27,28,18,33,18,28,29,19,18,28,29,19,33,19,29,30,20,19,29,30,20,33,20,30,21,11,20,30,21,11,32,31,22,21,31,22,21,32,31,23,22,31,23,22,32,31,24,23,31,24,23,32,31,25,24,31,25,24,32,31,26,25,31,26,25,32,31,27,26,31,27,26,32,31,28,27,31,28,27,32,31,29,28,31,29,28,32,31,30,29,31,30,29,32,31,21,30,31,21,30],
    "name": "Sphere003Geometry",
    "vertices": [602.651,93.9205,168.165,598.335,93.2124,168.165,599.159,93.2124,169.446,601.317,93.2124,170.238,603.985,93.2124,170.238,606.143,93.2124,169.446,606.967,93.2124,168.165,606.143,93.2124,166.885,603.985,93.2124,166.093,601.317,93.2124,166.093,599.159,93.2124,166.885,595.667,91.3588,168.165,597.001,91.3588,170.238,600.493,91.3588,171.519,604.809,91.3588,171.519,608.301,91.3588,170.238,609.635,91.3588,168.165,608.301,91.3588,166.093,604.809,91.3588,164.812,600.493,91.3588,164.812,597.001,91.3588,166.093,595.308,90.2132,168.165,596.71,90.2132,170.345,600.382,90.2132,171.691,604.92,90.2132,171.691,608.592,90.2132,170.345,609.994,90.2132,168.165,608.592,90.2132,165.986,604.92,90.2132,164.64,600.382,90.2132,164.64,596.71,90.2132,165.986,602.651,90.2132,168.165],
    "metadata": {
        "generator": "io_three",
        "uvs": 0,
        "faces": 40,
        "type": "Geometry",
        "vertices": 32,
        "version": 3,
        "normals": 32
    },
    "normals": [0,1,0,-0.439589,0.89819,0,-0.295572,0.852901,0.43028,-0.095859,0.801782,0.589862,0.095859,0.801782,0.589862,0.295572,0.852901,0.43028,0.439589,0.89819,0,0.295572,0.852901,-0.43028,0.095859,0.801782,-0.589862,-0.095859,0.801782,-0.589831,-0.295572,0.852901,-0.43028,-0.83929,0.543626,0,-0.552812,0.480056,0.681082,-0.166814,0.387677,0.906552,0.166814,0.387677,0.906552,0.552812,0.480056,0.681082,0.83929,0.543626,0,0.552812,0.480056,-0.681082,0.166814,0.387646,-0.906552,-0.166814,0.387646,-0.906552,-0.552812,0.480056,-0.681082,-0.872951,-0.487747,0,-0.537126,-0.553484,0.636464,-0.144658,-0.607624,0.780908,0.144658,-0.607624,0.780908,0.537126,-0.553484,0.636494,0.872951,-0.487747,0,0.537126,-0.553484,-0.636464,0.144658,-0.607624,-0.780908,-0.144658,-0.607624,-0.780908,-0.537126,-0.553484,-0.636464,0,-1,0]
}