{
    "vertices": [260.137,97.8304,-74.512,268.303,115.07,-74.512,268.335,115.054,-87.9293,260.169,97.815,-87.9293,262.062,96.9184,-74.5082,262.095,96.903,-87.9255,270.26,114.142,-87.9255,270.228,114.158,-74.5082],
    "uvs": [],
    "normals": [-0.770074,-0.273995,0.576067,-0.275826,0.769433,0.576067,-0.273415,0.768395,-0.5786,-0.767754,-0.275216,-0.5786,0.273415,-0.768395,0.5786,0.275826,-0.769433,-0.576067,0.770074,0.273995,-0.576067,0.767754,0.275216,0.5786],
    "faces": [33,0,1,2,3,0,1,2,3,33,4,5,6,7,4,5,6,7,33,0,3,5,4,0,3,5,4,33,3,2,6,5,3,2,6,5,33,2,1,7,6,2,1,7,6,33,1,0,4,7,1,0,4,7],
    "metadata": {
        "vertices": 8,
        "uvs": 0,
        "normals": 8,
        "faces": 6,
        "generator": "io_three",
        "type": "Geometry",
        "version": 3
    },
    "name": "Box796Geometry"
}