{
    "normals": [-0.577349,-0.577349,0.577349,-0.577349,-0.577349,-0.577349,0.577349,-0.577349,-0.577349,0.577349,-0.577349,0.577349,-0.577349,0.577319,0.577349,0.577349,0.577349,0.577349,0.577349,0.577349,-0.577349,-0.577349,0.577349,-0.577349,-0.577349,0.577349,0.577349,-0.577319,-0.577349,0.577349,-0.577319,-0.577349,-0.577349,0.577349,-0.577319,-0.577349,0.577349,-0.577319,0.577349,0.577319,0.577349,0.577349,0.577319,0.577349,-0.577349,-0.577349,0.577319,-0.577349],
    "name": "Box853Geometry",
    "faces": [33,0,1,2,3,0,1,2,3,33,4,5,6,7,4,5,6,7,33,0,3,5,4,0,3,5,4,33,3,2,6,5,3,2,6,5,33,2,1,7,6,2,1,7,6,33,1,0,4,7,1,0,4,7,33,8,9,10,11,0,1,2,3,33,12,13,14,15,8,5,6,7,33,8,11,13,12,0,3,5,8,33,11,10,14,13,3,2,6,5,33,10,9,15,14,2,1,7,6,33,9,8,12,15,1,0,8,7,33,16,17,18,19,9,10,11,12,33,20,21,22,23,4,13,14,15,33,16,19,21,20,9,12,13,4,33,19,18,22,21,12,11,14,13,33,18,17,23,22,11,10,15,14,33,17,16,20,23,10,9,4,15,33,24,25,26,27,0,1,2,3,33,28,29,30,31,8,5,6,7,33,24,27,29,28,0,3,5,8,33,27,26,30,29,3,2,6,5,33,26,25,31,30,2,1,7,6,33,25,24,28,31,1,0,8,7],
    "vertices": [620.422,186.976,293.316,620.422,186.976,268.316,645.422,186.976,268.316,645.422,186.976,293.316,620.422,190.476,293.316,645.422,190.476,293.316,645.422,190.476,268.316,620.422,190.476,268.316,620.422,154.709,293.316,620.422,154.709,268.316,645.422,154.709,268.316,645.422,154.709,293.316,620.422,158.209,293.316,645.422,158.209,293.316,645.422,158.209,268.316,620.422,158.209,268.316,620.422,122.441,293.316,620.422,122.441,268.316,645.422,122.441,268.316,645.422,122.441,293.316,620.422,125.941,293.316,645.422,125.941,293.316,645.422,125.941,268.316,620.422,125.941,268.316,620.422,90.1741,293.316,620.422,90.1741,268.316,645.422,90.1741,268.316,645.422,90.1741,293.316,620.422,93.6741,293.316,645.422,93.6741,293.316,645.422,93.6741,268.316,620.422,93.6741,268.316],
    "metadata": {
        "normals": 16,
        "generator": "io_three",
        "faces": 24,
        "version": 3,
        "vertices": 32,
        "uvs": 0,
        "type": "Geometry"
    },
    "uvs": []
}