{
    "metadata": {
        "version": 3,
        "generator": "io_three",
        "uvs": 0,
        "vertices": 16,
        "type": "Geometry",
        "faces": 14,
        "normals": 14
    },
    "uvs": [],
    "vertices": [614.011,95.8015,163.466,612.224,96.073,163.466,612.224,96.073,104.17,614.011,95.8015,104.17,619.334,130.842,163.466,619.334,130.842,104.17,617.547,131.113,104.17,617.547,131.113,163.466,614.095,100.805,105.913,614.095,100.805,161.723,618.411,129.219,161.723,618.411,129.219,105.913,612.969,100.976,161.723,612.969,100.976,105.913,617.285,129.39,161.723,617.285,129.39,105.913],
    "name": "Box857Geometry",
    "faces": [33,0,1,2,3,0,1,2,3,33,4,5,6,7,4,5,6,7,33,0,3,5,4,0,3,5,4,33,3,2,6,5,3,2,6,5,33,8,9,10,11,8,9,2,1,33,1,0,4,7,1,0,4,7,33,2,1,12,13,2,1,10,11,33,1,7,14,12,1,7,12,10,33,7,6,15,14,7,6,13,12,33,6,2,13,15,6,2,11,13,33,13,12,9,8,11,10,9,8,33,12,14,10,9,10,12,2,9,33,14,15,11,10,12,13,1,2,33,15,13,8,11,13,11,8,1],
    "normals": [0.484085,-0.657491,0.577349,-0.657491,-0.484085,0.577349,-0.657491,-0.484085,-0.577349,0.484085,-0.657491,-0.577349,0.657491,0.484085,0.577349,0.657491,0.484085,-0.577349,-0.484085,0.657491,-0.577319,-0.484085,0.657491,0.577319,-0.484085,0.657491,0.577349,-0.484085,0.657491,-0.577349,-0.848964,0.433912,-0.301492,-0.848964,0.433912,0.301492,-0.939543,-0.162206,-0.301492,-0.939543,-0.162206,0.301492]
}