{
    "vertices": [-616.694,210.939,-126.449,-616.694,215.656,-126.449,-616.694,215.656,-389.251,-616.694,210.939,-389.251,-575.413,210.939,-126.449,-575.413,210.939,-389.251,-575.413,215.656,-389.251,-575.413,215.656,-126.449,-616.214,210.459,-126.449,-616.214,210.459,-389.251,-575.893,210.459,-389.251,-575.893,210.459,-126.449,-616.214,210.939,-389.731,-616.214,215.656,-389.731,-575.893,215.656,-389.731,-575.893,210.939,-389.731,-616.214,216.136,-389.251,-616.214,216.136,-126.449,-575.893,216.136,-126.449,-575.893,216.136,-389.251,-616.214,215.656,-125.969,-616.214,210.939,-125.969,-575.893,210.939,-125.969,-575.893,215.656,-125.969],
    "uvs": [],
    "normals": [-0.875576,-0.341563,0.341563,-0.875576,0.341563,0.341563,-0.875576,0.341563,-0.341563,-0.875576,-0.341563,-0.341563,0.875546,-0.341563,0.341594,0.875546,-0.341594,-0.341594,0.875546,0.341594,-0.341594,0.875546,0.341563,0.341594,-0.341563,-0.875576,0.341563,-0.341563,-0.875576,-0.341563,0.341563,-0.875576,-0.341563,0.341563,-0.875546,0.341594,-0.341594,-0.341563,-0.875546,-0.341563,0.341563,-0.875546,0.341563,0.341563,-0.875576,0.341563,-0.341563,-0.875576,-0.341563,0.875576,-0.341563,-0.341563,0.875576,0.341563,0.341563,0.875546,0.341594,0.341563,0.875576,-0.341563,-0.341563,0.341563,0.875576,-0.341563,-0.341563,0.875576,0.341563,-0.341533,0.875576,0.341563,0.341533,0.875576],
    "faces": [33,0,1,2,3,0,1,2,3,33,4,5,6,7,4,5,6,7,33,8,9,10,11,8,9,10,11,33,12,13,14,15,12,13,14,15,33,16,17,18,19,16,17,18,19,33,20,21,22,23,20,21,22,23,32,8,21,0,8,21,0,32,3,12,9,3,12,9,32,20,17,1,20,17,1,32,2,16,13,2,16,13,32,11,4,22,11,4,22,32,15,5,10,15,5,10,32,23,7,18,23,7,18,32,19,6,14,19,6,14,33,0,21,20,1,0,21,20,1,33,1,17,16,2,1,17,16,2,33,2,13,12,3,2,13,12,3,33,8,0,3,9,8,0,3,9,33,4,11,10,5,4,11,10,5,33,5,15,14,6,5,15,14,6,33,6,19,18,7,6,19,18,7,33,7,23,22,4,7,23,22,4,33,9,12,15,10,9,12,15,10,33,11,22,21,8,11,22,21,8,33,13,16,19,14,13,16,19,14,33,17,20,23,18,17,20,23,18],
    "metadata": {
        "vertices": 24,
        "uvs": 0,
        "normals": 24,
        "faces": 26,
        "generator": "io_three",
        "type": "Geometry",
        "version": 3
    },
    "name": "Box322Geometry"
}