{
    "uvs": [],
    "faces": [33,0,1,2,3,0,1,2,3,33,4,5,6,7,4,5,6,7,33,3,2,4,7,3,2,4,7,33,1,5,4,2,1,5,4,2,33,8,9,10,11,8,9,10,11,33,0,6,10,9,0,6,10,9,33,1,0,9,8,1,0,9,8,33,12,13,14,15,12,13,14,15,33,8,11,5,1,8,11,5,1,33,6,0,3,7,6,0,3,7,33,11,10,16,17,11,10,10,11,33,10,6,18,16,10,6,16,10,33,6,5,19,18,6,5,17,16,33,5,11,17,19,5,11,11,17,33,17,16,13,12,11,10,13,12,33,16,18,14,13,10,16,14,13,33,20,21,22,23,3,2,4,7,33,19,17,12,15,17,11,12,15,33,18,19,21,20,16,17,2,3,33,19,15,22,21,17,15,4,2,33,15,14,23,22,15,14,7,4,33,14,18,20,23,14,16,3,7],
    "name": "Box677Geometry",
    "vertices": [-322.879,288.785,188.59,-291.472,288.785,188.59,-291.472,288.785,225.237,-322.879,288.785,225.237,-291.472,292.686,225.237,-291.472,292.686,188.59,-322.879,292.686,188.59,-322.879,292.686,225.237,-291.472,288.785,183.485,-322.879,288.785,183.485,-322.879,292.686,183.485,-291.472,292.686,183.485,-291.472,322.813,183.485,-322.879,322.813,183.485,-322.879,322.813,188.59,-291.472,322.813,188.59,-322.879,318.346,183.485,-291.472,318.346,183.485,-322.879,318.346,188.59,-291.472,318.346,188.59,-322.879,318.346,223.775,-291.472,318.346,223.775,-291.472,322.813,223.775,-322.879,322.813,223.775],
    "metadata": {
        "generator": "io_three",
        "uvs": 0,
        "faces": 22,
        "type": "Geometry",
        "vertices": 24,
        "version": 3,
        "normals": 18
    },
    "normals": [-0.707083,-0.707083,0,0.707083,-0.707083,0,0.577349,-0.577349,0.577349,-0.577349,-0.577349,0.577349,0.577349,0.577349,0.577349,0.904508,0.301492,0.301492,-0.904508,0.301492,0.301492,-0.577349,0.577349,0.577349,0.577349,-0.577349,-0.577349,-0.577349,-0.577349,-0.577349,-0.707083,0,-0.707083,0.707083,0,-0.707083,0.577349,0.577349,-0.577349,-0.577349,0.577349,-0.577349,-0.707083,0.707083,0,0.707083,0.707083,0,-0.904508,-0.301492,0.301492,0.904508,-0.301492,0.301492]
}