{
    "uvs": [],
    "faces": [33,0,1,2,3,0,1,2,3,33,1,4,5,2,1,4,5,2,33,4,6,7,5,4,6,7,5,33,6,0,3,7,6,0,3,7,33,0,6,8,9,0,6,8,9,33,6,4,10,8,6,4,10,8,33,4,1,11,10,4,1,11,10,33,1,0,9,11,1,0,9,11,33,3,2,12,13,3,2,12,13,33,2,5,14,12,2,5,14,12,33,5,7,15,14,5,7,15,14,33,7,3,13,15,7,3,13,15,33,13,12,11,9,13,12,11,9,33,14,15,8,10,14,15,8,10,33,15,13,9,8,15,13,9,8,33,12,14,10,11,12,14,10,11],
    "name": "Box601Geometry",
    "vertices": [642.628,418.724,78.7677,642.628,418.724,53.6213,645.628,418.724,53.6213,645.628,418.724,78.7677,642.628,440.075,53.6214,645.628,440.075,53.6214,642.628,440.075,78.7677,645.628,440.075,78.7677,642.628,436.949,75.6418,642.628,421.849,75.6418,642.628,436.949,56.7472,642.628,421.849,56.7471,645.628,421.849,56.7471,645.628,421.849,75.6418,645.628,436.949,56.7472,645.628,436.949,75.6418],
    "metadata": {
        "generator": "io_three",
        "uvs": 0,
        "faces": 16,
        "type": "Geometry",
        "vertices": 16,
        "version": 3,
        "normals": 16
    },
    "normals": [-0.577319,-0.577349,0.577319,-0.577319,-0.577349,-0.577319,0.577319,-0.577349,-0.577319,0.577319,-0.577349,0.577319,-0.577349,0.577349,-0.577349,0.577349,0.577349,-0.577349,-0.577349,0.577349,0.577349,0.577349,0.577349,0.577349,-0.904508,-0.301492,-0.301492,-0.904508,0.301492,-0.301492,-0.904508,-0.301492,0.301492,-0.904508,0.301492,0.301492,0.904508,0.301492,0.301492,0.904508,0.301492,-0.301492,0.904508,-0.301492,0.301492,0.904508,-0.301492,-0.301492]
}