{
    "uvs": [],
    "faces": [33,0,1,2,3,0,1,2,3,33,4,5,6,7,4,5,6,7,33,0,3,5,4,0,3,5,4,33,3,2,6,5,3,2,6,5,33,2,1,7,6,2,1,7,6,33,1,0,4,7,1,0,4,7,33,8,9,10,11,0,1,2,3,33,12,13,14,15,4,5,6,7,33,8,11,13,12,0,3,5,4,33,11,10,14,13,3,2,6,5,33,10,9,15,14,2,1,7,6,33,9,8,12,15,1,0,4,7,33,16,17,18,19,0,1,2,3,33,20,21,22,23,4,5,6,7,33,16,19,21,20,0,3,5,4,33,19,18,22,21,3,2,6,5,33,18,17,23,22,2,1,7,6,33,17,16,20,23,1,0,4,7,33,24,25,26,27,0,1,2,3,33,28,29,30,31,4,5,6,7,33,24,27,29,28,0,3,5,4,33,27,26,30,29,3,2,6,5,33,26,25,31,30,2,1,7,6,33,25,24,28,31,1,0,4,7],
    "name": "Box656Geometry",
    "vertices": [-329.494,427.283,293.316,-329.494,427.283,268.316,-304.494,427.283,268.316,-304.494,427.283,293.316,-329.494,430.783,293.316,-304.494,430.783,293.316,-304.494,430.783,268.316,-329.494,430.783,268.316,-329.494,395.015,293.316,-329.494,395.015,268.316,-304.494,395.015,268.316,-304.494,395.015,293.316,-329.494,398.515,293.316,-304.494,398.515,293.316,-304.494,398.515,268.316,-329.494,398.515,268.316,-329.494,362.748,293.316,-329.494,362.748,268.316,-304.494,362.748,268.316,-304.494,362.748,293.316,-329.494,366.248,293.316,-304.494,366.248,293.316,-304.494,366.248,268.316,-329.494,366.248,268.316,-329.494,330.48,293.316,-329.494,330.48,268.316,-304.494,330.48,268.316,-304.494,330.48,293.316,-329.494,333.98,293.316,-304.494,333.98,293.316,-304.494,333.98,268.316,-329.494,333.98,268.316],
    "metadata": {
        "generator": "io_three",
        "uvs": 0,
        "faces": 24,
        "type": "Geometry",
        "vertices": 32,
        "version": 3,
        "normals": 8
    },
    "normals": [-0.577349,-0.577349,0.577349,-0.577349,-0.577349,-0.577349,0.577349,-0.577349,-0.577349,0.577349,-0.577349,0.577349,-0.577349,0.577349,0.577349,0.577349,0.577349,0.577349,0.577349,0.577349,-0.577349,-0.577349,0.577349,-0.577349]
}