{
    "uvs": [],
    "faces": [33,0,1,2,3,0,1,2,3,33,4,5,6,7,4,5,6,7,33,0,3,8,9,0,3,8,9,33,9,10,11,5,9,10,11,5,33,0,9,5,12,0,9,5,12,33,5,4,13,12,5,4,13,12,33,14,0,12,15,14,0,12,15,33,9,16,17,10,9,16,17,10,33,2,1,18,19,2,1,18,19,33,19,20,21,7,19,20,21,7,33,2,19,7,17,2,19,7,17,33,7,6,22,17,7,6,22,17,33,23,2,17,16,23,2,17,16,33,19,15,12,20,19,15,12,20,33,0,14,18,1,0,14,18,1,33,13,4,7,21,13,4,7,21,33,19,18,14,15,19,18,14,15,33,12,13,21,20,12,13,21,20,33,8,3,2,23,8,3,2,23,33,22,6,5,11,22,6,5,11,33,9,8,23,16,9,8,23,16,33,17,22,11,10,17,22,11,10],
    "name": "Box599Geometry",
    "vertices": [442.36,307.907,170.044,442.36,307.908,20.3279,633.617,307.908,20.3279,633.617,307.907,170.044,442.36,313.907,170.044,633.617,313.907,170.044,633.617,313.908,20.3279,442.36,313.908,20.3279,635.164,308.423,170.044,635.68,309.97,170.044,635.68,311.844,170.044,635.164,313.392,170.044,440.297,311.844,170.044,440.813,313.392,170.044,440.813,308.423,170.044,440.297,309.97,170.044,635.68,309.97,20.3279,635.68,311.845,20.3279,440.813,308.423,20.3279,440.297,309.97,20.3279,440.297,311.845,20.3279,440.813,313.392,20.3279,635.164,313.392,20.3279,635.164,308.423,20.3279],
    "metadata": {
        "generator": "io_three",
        "uvs": 0,
        "faces": 22,
        "type": "Geometry",
        "vertices": 24,
        "version": 3,
        "normals": 24
    },
    "normals": [-0.118503,-0.730277,0.67275,-0.118503,-0.730277,-0.67275,0.118503,-0.730277,-0.67275,0.118503,-0.730277,0.67275,-0.118503,0.730277,0.67275,0.118503,0.730277,0.67275,0.118503,0.730277,-0.67275,-0.118503,0.730277,-0.67275,0.555376,-0.555376,0.618915,0.730277,-0.118503,0.67275,0.730277,0.118503,0.67275,0.555345,0.555376,0.618946,-0.730277,0.118503,0.67275,-0.555376,0.555376,0.618946,-0.555376,-0.555376,0.618915,-0.730277,-0.118503,0.67275,0.730277,-0.118503,-0.67275,0.730277,0.118503,-0.67275,-0.555376,-0.555376,-0.618946,-0.730277,-0.118503,-0.67275,-0.730277,0.118503,-0.67275,-0.555376,0.555376,-0.618915,0.555376,0.555376,-0.618915,0.555345,-0.555376,-0.618946]
}