{
    "uvs": [],
    "faces": [33,0,1,2,3,0,1,2,3,33,4,5,6,7,4,5,6,7,33,8,9,10,11,8,9,10,11,33,12,13,14,15,12,13,14,15,33,3,2,13,12,3,2,13,12,33,1,0,11,10,1,0,11,10,33,16,17,18,19,16,17,18,19,33,7,6,17,16,7,6,17,16,33,5,4,9,8,5,4,9,8,33,20,21,22,23,20,21,22,23,33,24,25,26,27,24,25,26,27,33,20,23,15,14,20,23,15,14,33,23,22,12,15,23,22,12,15,33,21,20,14,13,21,20,14,13,33,24,27,19,18,24,27,19,18,33,27,26,16,19,27,26,16,19,33,25,24,18,17,25,24,18,17,33,22,21,26,25,22,21,26,25,33,6,0,25,17,6,0,25,17,33,8,0,6,5,8,0,6,5,32,8,11,0,8,11,0,33,25,0,3,12,25,0,3,12,32,25,12,22,25,12,22,33,21,13,2,4,21,13,2,4,33,2,1,10,4,2,1,10,4,32,10,9,4,10,9,4,33,21,4,7,16,21,4,7,16,32,21,16,26,21,16,26],
    "name": "Box699Geometry",
    "vertices": [-348.807,333.964,3.44254,-348.807,355.091,3.44254,-348.573,355.091,3.74354,-348.573,333.964,3.74354,-348.807,355.091,6.40024,-348.807,333.964,6.40024,-348.573,333.964,6.09934,-348.573,355.091,6.09934,-349.127,333.964,6.40024,-349.127,355.091,6.40024,-349.127,355.091,3.44254,-349.127,333.964,3.44254,-348.341,333.964,3.44254,-348.341,355.091,3.44254,-333.998,355.091,3.44254,-333.998,333.964,3.44254,-348.341,355.091,6.40024,-348.341,333.964,6.40024,-333.998,333.964,6.40034,-333.998,355.091,6.40034,-333.998,355.091,3.79744,-348.185,355.091,3.76114,-348.185,333.964,3.76114,-333.998,333.964,3.79744,-333.998,333.964,6.04534,-348.185,333.964,6.08174,-348.185,355.091,6.08174,-333.998,355.091,6.04534],
    "metadata": {
        "generator": "io_three",
        "uvs": 0,
        "faces": 28,
        "type": "Geometry",
        "vertices": 28,
        "version": 3,
        "normals": 28
    },
    "normals": [0.345286,-0.620136,-0.704367,0.345286,0.620136,-0.704367,-0.000305,0.932585,-0.360881,-0.000702,-0.565142,-0.824976,0.345225,0.620167,0.704398,0.345225,-0.620167,0.704398,-0.000305,-0.932554,0.360973,-0.000702,0.565142,0.824976,-0.577349,-0.577349,0.577349,-0.577349,0.577349,0.577349,-0.577349,0.577349,-0.577349,-0.577349,-0.577349,-0.577349,-0.345958,-0.620014,-0.704154,-0.345958,0.620014,-0.704184,0.577349,0.577349,-0.577349,0.577349,-0.577349,-0.577288,-0.345897,0.620014,0.704184,-0.345897,-0.620045,0.704184,0.577349,-0.577349,0.577288,0.577319,0.577349,0.577349,0.576678,0.577197,0.578143,0.300668,0.904813,0.301431,0.300668,-0.904813,0.301462,0.576647,-0.577166,0.578173,0.576647,-0.577166,-0.578173,0.300668,-0.904813,-0.301462,0.300668,0.904813,-0.301431,0.576647,0.577197,-0.578143]
}