{
    "uvs": [],
    "faces": [33,0,1,2,3,0,1,2,3,33,4,5,6,7,4,5,6,7,33,8,9,10,11,8,9,10,11,33,12,13,14,15,12,13,14,15,33,3,2,13,12,3,2,13,12,33,1,0,11,10,1,0,11,10,33,16,17,18,19,16,17,18,19,33,7,6,17,16,7,6,17,16,33,5,4,9,8,5,4,9,8,33,20,21,22,23,20,21,22,23,33,24,25,26,27,24,25,26,27,33,20,23,15,14,20,23,15,14,33,23,22,12,15,23,22,12,15,33,21,20,14,13,21,20,14,13,33,24,27,19,18,24,27,19,18,33,27,26,16,19,27,26,16,19,33,25,24,18,17,25,24,18,17,33,22,21,26,25,22,21,26,25,33,6,0,25,17,6,0,25,17,33,8,0,6,5,8,0,6,5,32,8,11,0,8,11,0,33,25,0,3,12,25,0,3,12,32,25,12,22,25,12,22,33,21,13,2,4,21,13,2,4,33,2,1,10,4,2,1,10,4,32,10,9,4,10,9,4,33,21,4,7,16,21,4,7,16,32,21,16,26,21,16,26],
    "name": "Box633Geometry",
    "vertices": [635.095,334.094,279.586,635.095,353.947,286.812,634.862,354.05,286.529,634.862,334.197,279.303,635.095,354.959,284.032,635.095,335.106,276.806,634.862,335.003,277.089,634.862,354.856,284.315,635.415,335.106,276.806,635.415,354.959,284.032,635.415,353.947,286.812,635.415,334.094,279.586,634.629,334.094,279.586,634.629,353.947,286.812,620.286,353.947,286.812,620.286,334.094,279.586,634.629,354.959,284.032,634.629,335.106,276.806,620.286,335.106,276.806,620.286,354.959,284.032,620.286,354.068,286.478,634.473,354.056,286.512,634.473,334.203,279.286,620.286,334.216,279.252,620.286,334.985,277.14,634.473,334.997,277.106,634.473,354.85,284.332,620.286,354.837,284.366],
    "metadata": {
        "generator": "io_three",
        "uvs": 0,
        "faces": 28,
        "type": "Geometry",
        "vertices": 28,
        "version": 3,
        "normals": 28
    },
    "normals": [-0.345317,-0.823634,0.449812,-0.345286,0.341838,0.873989,0.000336,0.752892,0.658101,0.000671,-0.813257,0.581866,-0.345378,0.823603,-0.449843,-0.345317,-0.341868,-0.873989,0.000214,-0.752953,-0.658071,0.000671,0.813257,-0.581866,0.577319,-0.345103,-0.739982,0.577319,0.740043,-0.344981,0.577319,0.345073,0.739982,0.577349,-0.739952,0.345073,0.345958,-0.82342,0.44969,0.345958,0.341746,0.873775,-0.577349,0.345042,0.739982,-0.577349,-0.739921,0.345134,0.345958,0.82345,-0.44966,0.345927,-0.341838,-0.873745,-0.577349,-0.345073,-0.739952,-0.577319,0.739982,-0.345103,-0.576647,0.740135,-0.345866,-0.300607,0.953368,0.026185,-0.300455,-0.747246,-0.5927,-0.576647,-0.344737,-0.740654,-0.576647,-0.740135,0.345897,-0.300668,-0.953337,-0.026093,-0.300668,0.747154,0.59273,-0.576678,0.344707,0.740654]
}