{
    "uvs": [],
    "faces": [33,0,1,2,3,0,1,2,3,33,4,5,6,7,4,5,6,7,33,0,3,5,4,0,3,5,4,33,3,2,6,5,3,2,6,5,33,2,1,7,6,2,1,7,6,33,1,0,4,7,1,0,4,7],
    "name": "Box658Geometry",
    "vertices": [-346.026,334.518,279.404,-346.026,353.413,286.281,-360.169,353.426,286.245,-360.169,334.531,279.368,-346.022,335.286,277.293,-360.165,335.299,277.258,-360.165,354.194,284.135,-346.022,354.181,284.171],
    "metadata": {
        "generator": "io_three",
        "uvs": 0,
        "faces": 6,
        "type": "Geometry",
        "vertices": 8,
        "version": 3,
        "normals": 8
    },
    "normals": [0.576067,-0.740379,0.346294,0.576067,0.344554,0.741203,-0.5786,0.345531,0.738762,-0.5786,-0.739586,0.343791,0.5786,-0.345531,-0.738762,-0.576067,-0.344554,-0.741203,-0.576067,0.740379,-0.346294,0.5786,0.739586,-0.343791]
}