{
    "uvs": [],
    "faces": [33,0,1,2,3,0,1,2,3,33,4,5,6,7,4,5,6,7,33,8,9,10,11,8,9,10,11,33,12,13,14,15,12,13,14,15,33,3,2,13,12,3,2,13,12,33,1,0,11,10,1,0,11,10,33,16,17,18,19,16,17,18,19,33,7,6,17,16,7,6,17,16,33,5,4,9,8,5,4,9,8,33,20,21,22,23,20,21,22,23,33,24,25,26,27,24,25,26,27,33,20,23,15,14,20,23,15,14,33,23,22,12,15,23,22,12,15,33,21,20,14,13,21,20,14,13,33,24,27,19,18,24,27,19,18,33,27,26,16,19,27,26,16,19,33,25,24,18,17,25,24,18,17,33,22,21,26,25,22,21,26,25,33,6,0,25,17,6,0,25,17,33,8,0,6,5,8,0,6,5,32,8,11,0,8,11,0,33,25,0,3,12,25,0,3,12,32,25,12,22,25,12,22,33,21,13,2,4,21,13,2,4,33,2,1,10,4,2,1,10,4,32,10,9,4,10,9,4,33,21,4,7,16,21,4,7,16,32,21,16,26,21,16,26],
    "name": "Box687Geometry",
    "vertices": [-341.21,398.519,32.6271,-356.678,398.519,28.4824,-356.632,398.747,28.3117,-341.164,398.747,32.4564,-356.678,400.761,28.4824,-341.21,400.761,32.6272,-341.164,400.533,32.4565,-356.632,400.533,28.3117,-341.272,400.761,32.8617,-356.741,400.761,28.717,-356.741,398.519,28.717,-341.272,398.519,32.8617,-341.118,398.519,32.2862,-356.586,398.519,28.1415,-353.773,398.519,17.6402,-338.304,398.519,21.7849,-356.586,400.761,28.1415,-341.118,400.761,32.2863,-338.304,400.761,21.7849,-353.773,400.761,17.6402,-353.773,398.788,17.6402,-356.556,398.761,28.0269,-341.088,398.761,32.1716,-338.304,398.788,21.7849,-338.304,400.492,21.7849,-341.088,400.52,32.1716,-356.556,400.52,28.0269,-353.773,400.492,17.6402],
    "metadata": {
        "generator": "io_three",
        "uvs": 0,
        "faces": 28,
        "type": "Geometry",
        "vertices": 28,
        "version": 3,
        "normals": 28
    },
    "normals": [0.688375,-0.704367,-0.17307,-0.509659,-0.704306,-0.494095,-0.900845,-0.360973,-0.241096,0.545824,-0.824915,0.146825,-0.50972,0.704367,-0.493973,0.688375,0.704398,-0.172948,0.900754,0.360881,0.241554,-0.545976,0.825007,-0.145787,0.408155,0.577319,0.707144,-0.707053,0.577349,0.408307,-0.707083,-0.57741,0.408155,0.408216,-0.57738,0.707083,0.509323,-0.704215,0.494583,-0.688437,-0.704184,0.17362,-0.408246,-0.577349,-0.707083,0.707083,-0.57738,-0.408216,-0.688437,0.704215,0.173559,0.509354,0.704245,0.494491,0.707083,0.577349,-0.408246,-0.408216,0.577319,-0.707083,-0.408277,0.578143,-0.706412,-0.796167,0.301431,-0.524583,0.951811,0.301401,-0.056276,0.706809,0.578112,-0.407636,0.706809,-0.578112,-0.407636,0.951811,-0.301401,-0.056398,-0.796167,-0.301431,-0.524583,-0.408277,-0.578143,-0.706412]
}