{
    "uvs": [],
    "faces": [33,0,1,2,3,0,1,2,3,33,4,5,6,7,4,5,6,7,33,3,2,4,7,3,2,4,7,33,1,5,4,2,1,5,4,2,33,8,9,10,11,8,9,10,11,33,0,6,10,9,0,6,10,9,33,1,0,9,8,1,0,9,8,33,12,13,14,15,12,13,14,15,33,8,11,5,1,8,11,5,1,33,6,0,3,7,6,0,3,7,33,11,10,16,17,11,10,10,11,33,10,6,18,16,10,6,16,10,33,6,5,19,18,6,5,17,16,33,5,11,17,19,5,11,11,17,33,17,16,13,12,11,10,13,12,33,16,18,14,13,10,16,14,13,33,20,21,22,23,18,19,20,21,33,19,17,12,15,17,11,12,15,33,18,19,21,20,16,17,19,18,33,19,15,22,21,17,15,20,19,33,15,14,23,22,15,14,21,20,33,14,18,20,23,14,16,18,21],
    "name": "Box679Geometry",
    "vertices": [-287.074,288.785,32.9049,-318.48,288.785,32.9049,-318.48,288.785,-3.74277,-287.074,288.785,-3.74277,-318.48,292.686,-3.74276,-318.48,292.686,32.9049,-287.074,292.686,32.9049,-287.074,292.686,-3.74276,-318.48,288.785,38.0091,-287.074,288.785,38.0091,-287.074,292.686,38.0091,-318.48,292.686,38.0091,-318.48,322.813,38.0091,-287.074,322.813,38.0091,-287.074,322.813,32.9049,-318.48,322.813,32.9049,-287.074,318.346,38.0091,-318.48,318.346,38.0091,-287.074,318.346,32.9049,-318.48,318.346,32.9049,-287.074,318.346,-2.28076,-318.48,318.346,-2.28076,-318.48,322.813,-2.28076,-287.074,322.813,-2.28076],
    "metadata": {
        "generator": "io_three",
        "uvs": 0,
        "faces": 22,
        "type": "Geometry",
        "vertices": 24,
        "version": 3,
        "normals": 22
    },
    "normals": [0.707083,-0.707083,0,-0.707083,-0.707083,0,-0.577349,-0.577319,-0.577349,0.577319,-0.577349,-0.577319,-0.577319,0.577349,-0.577319,-0.904508,0.301492,-0.301492,0.904508,0.301492,-0.301492,0.577349,0.577319,-0.577349,-0.577349,-0.577349,0.577349,0.577349,-0.577349,0.577349,0.707083,0,0.707083,-0.707083,0,0.707083,-0.577349,0.577349,0.577349,0.577349,0.577349,0.577349,0.707083,0.707083,0,-0.707083,0.707083,0,0.904508,-0.301492,-0.301492,-0.904508,-0.301492,-0.301492,0.577349,-0.577349,-0.577349,-0.577349,-0.577349,-0.577349,-0.577349,0.577349,-0.577349,0.577349,0.577349,-0.577349]
}