{
    "uvs": [],
    "faces": [33,0,1,2,3,0,1,2,3,33,4,5,6,7,4,5,6,7,33,0,3,5,4,0,3,5,4,33,3,2,6,5,3,2,6,5,33,2,1,7,6,2,1,7,6,33,1,0,4,7,1,0,4,7],
    "name": "Box588Geometry",
    "vertices": [621.407,336.022,5.41714,621.678,336.022,5.54334,621.678,336.369,5.54334,621.407,336.369,5.41714,630.032,336.022,-13.0788,630.032,336.369,-13.0788,630.303,336.369,-12.9526,630.303,336.022,-12.9526],
    "metadata": {
        "generator": "io_three",
        "uvs": 0,
        "faces": 6,
        "type": "Geometry",
        "vertices": 8,
        "version": 3,
        "normals": 8
    },
    "normals": [-0.767235,-0.577349,0.279214,0.279214,-0.577319,0.767266,0.279214,0.577319,0.767266,-0.767235,0.577349,0.279214,-0.279214,-0.577319,-0.767266,-0.279214,0.577349,-0.767235,0.767266,0.577349,-0.279214,0.767266,-0.577349,-0.279214]
}