{
    "uvs": [],
    "faces": [33,0,1,2,3,0,1,2,3,33,4,5,6,7,4,5,6,7,33,0,3,5,4,0,3,5,4,33,3,2,6,5,3,2,6,5,33,2,1,7,6,2,1,7,6,33,1,0,4,7,1,0,4,7],
    "name": "Box626Geometry",
    "vertices": [627.69,398.759,263.518,642.412,398.759,267.463,639.637,398.787,277.818,624.915,398.787,273.873,627.691,400.461,263.515,624.916,400.49,273.87,639.638,400.49,277.815,642.413,400.461,267.46],
    "metadata": {
        "generator": "io_three",
        "uvs": 0,
        "faces": 6,
        "type": "Geometry",
        "vertices": 8,
        "version": 3,
        "normals": 8
    },
    "normals": [-0.408521,-0.578631,-0.705863,0.706717,-0.578661,-0.406995,0.407941,-0.576037,0.708304,-0.70748,-0.576037,0.409436,-0.407941,0.576037,-0.708335,-0.706717,0.578631,0.407025,0.408521,0.578631,0.705863,0.70748,0.576006,-0.409467]
}