{
    "uvs": [],
    "faces": [33,0,1,2,3,0,1,2,3,33,4,5,6,7,4,5,6,7,33,0,3,5,4,0,3,5,4,33,3,2,6,5,3,2,6,5,33,2,1,7,6,2,1,7,6,33,1,0,4,7,1,0,4,7],
    "name": "Box861Geometry",
    "vertices": [158.986,302.826,149.848,158.986,302.826,114.001,173.248,302.826,114.001,173.248,302.826,149.848,158.986,344.679,149.848,173.248,344.679,149.848,173.248,344.679,114.001,158.986,344.679,114.001],
    "metadata": {
        "generator": "io_three",
        "uvs": 0,
        "faces": 6,
        "type": "Geometry",
        "vertices": 8,
        "version": 3,
        "normals": 8
    },
    "normals": [-0.577349,-0.577349,0.577349,-0.577349,-0.577349,-0.577349,0.577349,-0.577349,-0.577349,0.577349,-0.577349,0.577349,-0.577349,0.577349,0.577349,0.577349,0.577349,0.577349,0.577349,0.577349,-0.577349,-0.577349,0.577349,-0.577349]
}