{
    "uvs": [],
    "faces": [32,0,1,2,0,1,2,32,0,2,3,0,2,3,32,0,3,4,0,3,4,32,0,4,5,0,4,5,32,0,5,6,0,5,6,32,0,6,7,0,6,7,32,0,7,8,0,7,8,32,0,8,9,0,8,9,32,0,9,10,0,9,10,32,0,10,1,0,10,1,33,1,11,12,2,1,11,12,2,33,2,12,13,3,2,12,13,3,33,3,13,14,4,3,13,14,4,33,4,14,15,5,4,14,15,5,33,5,15,16,6,5,15,16,6,33,6,16,17,7,6,16,17,7,33,7,17,18,8,7,17,18,8,33,8,18,19,9,8,18,19,9,33,9,19,20,10,9,19,20,10,33,10,20,11,1,10,20,11,1,33,11,21,22,12,11,21,22,12,33,12,22,23,13,12,22,23,13,33,13,23,24,14,13,23,24,14,33,14,24,25,15,14,24,25,15,33,15,25,26,16,15,25,26,16,33,16,26,27,17,16,26,27,17,33,17,27,28,18,17,27,28,18,33,18,28,29,19,18,28,29,19,33,19,29,30,20,19,29,30,20,33,20,30,21,11,20,30,21,11,32,31,22,21,31,22,21,32,31,23,22,31,23,22,32,31,24,23,31,24,23,32,31,25,24,31,25,24,32,31,26,25,31,26,25,32,31,27,26,31,27,26,32,31,28,27,31,28,27,32,31,29,28,31,29,28,32,31,30,29,31,30,29,32,31,21,30,31,21,30],
    "name": "Sphere004Geometry",
    "vertices": [164.799,382.419,88.4869,164.799,381.663,83.8784,163.432,381.663,84.7585,162.587,381.663,87.0628,162.587,381.663,89.911,163.432,381.663,92.2153,164.799,381.663,93.0955,166.167,381.663,92.2153,167.012,381.663,89.911,167.012,381.663,87.0628,166.167,381.663,84.7585,164.799,379.684,81.0301,162.587,379.684,82.4542,161.219,379.684,86.1826,161.219,379.684,90.7912,162.587,379.684,94.5196,164.799,379.684,95.9437,167.012,379.684,94.5196,168.38,379.684,90.7912,168.38,379.684,86.1826,167.012,379.684,82.4542,164.799,378.46,80.6464,162.473,378.46,82.1438,161.035,378.46,86.0641,161.035,378.46,90.9098,162.473,378.46,94.8301,164.799,378.46,96.3275,167.126,378.46,94.8301,168.564,378.46,90.9098,168.564,378.46,86.064,167.126,378.46,82.1438,164.799,378.46,88.4869],
    "metadata": {
        "generator": "io_three",
        "uvs": 0,
        "faces": 40,
        "type": "Geometry",
        "vertices": 32,
        "version": 3,
        "normals": 32
    },
    "normals": [0,1,0,0,0.89819,-0.439558,-0.43025,0.852931,-0.295572,-0.589831,0.801782,-0.095859,-0.589831,0.801782,0.095859,-0.43025,0.852931,0.295572,0,0.89819,0.439589,0.43025,0.852931,0.295572,0.589831,0.801782,0.095859,0.589831,0.801782,-0.095859,0.43025,0.852931,-0.295572,0,0.543596,-0.83932,-0.681082,0.480026,-0.552843,-0.906552,0.387646,-0.166814,-0.906552,0.387646,0.166814,-0.681112,0.480056,0.552812,0,0.543596,0.83932,0.681112,0.480026,0.552812,0.906552,0.387646,0.166814,0.906552,0.387646,-0.166814,0.681082,0.480026,-0.552843,0,-0.487808,-0.872921,-0.636464,-0.553514,-0.537095,-0.780908,-0.607654,-0.144627,-0.780908,-0.607654,0.144627,-0.636464,-0.553514,0.537126,0,-0.487777,0.872951,0.636464,-0.553514,0.537126,0.780908,-0.607624,0.144658,0.780908,-0.607624,-0.144658,0.636433,-0.553514,-0.537126,0,-1,0]
}