{
    "uvs": [],
    "faces": [33,0,1,2,3,0,1,2,3,33,4,5,6,7,4,5,6,7,33,0,3,5,4,0,3,5,4,33,3,2,6,5,3,2,6,5,33,2,1,7,6,2,1,7,6,33,1,0,4,7,1,0,4,7,33,8,9,10,11,0,1,2,3,33,12,13,14,15,4,5,6,7,33,8,11,13,12,0,3,5,4,33,11,10,14,13,3,2,6,5,33,10,9,15,14,2,1,7,6,33,9,8,12,15,1,0,4,7,33,16,17,18,19,0,1,2,3,33,20,21,22,23,4,5,6,7,33,16,19,21,20,0,3,5,4,33,19,18,22,21,3,2,6,5,33,18,17,23,22,2,1,7,6,33,17,16,20,23,1,0,4,7,33,24,25,26,27,0,1,2,3,33,28,29,30,31,4,5,6,7,33,24,27,29,28,0,3,5,4,33,27,26,30,29,3,2,6,5,33,26,25,31,30,2,1,7,6,33,25,24,28,31,1,0,4,7,33,32,33,34,35,2,3,0,1,33,36,37,38,39,6,7,4,5,33,32,35,37,36,2,1,7,6,33,35,34,38,37,1,0,4,7,33,34,33,39,38,0,3,5,4,33,33,32,36,39,3,2,6,5,33,40,41,42,43,2,3,0,1,33,44,45,46,47,6,7,4,5,33,40,43,45,44,2,1,7,6,33,43,42,46,45,1,0,4,7,33,42,41,47,46,0,3,5,4,33,41,40,44,47,3,2,6,5,33,48,49,50,51,2,3,0,1,33,52,53,54,55,6,7,4,5,33,48,51,53,52,2,1,7,6,33,51,50,54,53,1,0,4,7,33,50,49,55,54,0,3,5,4,33,49,48,52,55,3,2,6,5,33,56,57,58,59,8,9,10,11,33,60,61,62,63,12,13,14,15,33,56,59,61,60,8,11,13,12,33,59,58,62,61,11,10,14,13,33,58,57,63,62,10,9,15,14,33,57,56,60,63,9,8,12,15],
    "name": "Box663Geometry",
    "vertices": [-360.425,330.48,293.316,-360.425,330.48,268.316,-335.425,330.48,268.316,-335.425,330.48,293.316,-360.425,333.98,293.316,-335.425,333.98,293.316,-335.425,333.98,268.316,-360.425,333.98,268.316,-360.425,362.748,293.316,-360.425,362.748,268.316,-335.425,362.748,268.316,-335.425,362.748,293.316,-360.425,366.248,293.316,-335.425,366.248,293.316,-335.425,366.248,268.316,-360.425,366.248,268.316,-360.425,395.015,293.316,-360.425,395.015,268.316,-335.425,395.015,268.316,-335.425,395.015,293.316,-360.425,398.515,293.316,-335.425,398.515,293.316,-335.425,398.515,268.316,-360.425,398.515,268.316,-360.425,427.283,293.316,-360.425,427.283,268.316,-335.425,427.283,268.316,-335.425,427.283,293.316,-360.425,430.783,293.316,-335.425,430.783,293.316,-335.425,430.783,268.316,-360.425,430.783,268.316,-334.134,330.48,2.56274,-334.134,330.48,27.5627,-359.134,330.48,27.5627,-359.134,330.48,2.56274,-334.134,333.98,2.56274,-359.134,333.98,2.56274,-359.134,333.98,27.5627,-334.134,333.98,27.5627,-334.134,362.748,2.56274,-334.134,362.748,27.5627,-359.134,362.748,27.5627,-359.134,362.748,2.56274,-334.134,366.248,2.56274,-359.134,366.248,2.56274,-359.134,366.248,27.5627,-334.134,366.248,27.5627,-334.134,395.015,2.56275,-334.134,395.015,27.5627,-359.134,395.015,27.5627,-359.134,395.015,2.56275,-334.134,398.515,2.56275,-359.134,398.515,2.56275,-359.134,398.515,27.5627,-334.134,398.515,27.5627,-334.134,427.283,2.56275,-334.134,427.283,27.5628,-359.134,427.283,27.5628,-359.134,427.283,2.56275,-334.134,430.783,2.56275,-359.134,430.783,2.56275,-359.134,430.783,27.5628,-334.134,430.783,27.5628],
    "metadata": {
        "generator": "io_three",
        "uvs": 0,
        "faces": 48,
        "type": "Geometry",
        "vertices": 64,
        "version": 3,
        "normals": 16
    },
    "normals": [-0.577349,-0.577349,0.577349,-0.577349,-0.577349,-0.577349,0.577349,-0.577349,-0.577349,0.577349,-0.577349,0.577349,-0.577349,0.577349,0.577349,0.577349,0.577349,0.577349,0.577349,0.577349,-0.577349,-0.577349,0.577349,-0.577349,0.577319,-0.577349,-0.577349,0.577319,-0.577349,0.577349,-0.577349,-0.577319,0.577349,-0.577349,-0.577319,-0.577349,0.577349,0.577319,-0.577349,-0.577319,0.577349,-0.577349,-0.577319,0.577349,0.577349,0.577349,0.577319,0.577349]
}