{
    "uvs": [],
    "faces": [33,0,1,2,3,0,1,2,3,33,4,5,6,7,4,5,6,7,33,0,3,8,9,0,3,7,6,33,3,2,10,8,3,2,4,7,33,2,1,11,10,2,1,5,4,33,1,0,9,11,1,0,6,5,33,9,8,12,13,6,7,8,9,33,8,10,14,12,7,4,10,8,33,10,11,15,14,4,5,11,10,33,11,9,13,15,5,6,9,11,33,13,12,5,4,9,8,5,4,33,12,14,6,5,8,10,6,5,33,14,15,7,6,10,11,7,6,33,15,13,4,7,11,9,4,7],
    "name": "Box582Geometry",
    "vertices": [-156.253,437.54,-377.68,-156.253,453.336,-377.68,-134.382,453.336,-377.805,-134.382,437.54,-377.805,-155.024,438.769,-377.555,-135.611,438.769,-377.555,-135.611,452.107,-377.555,-155.024,452.107,-377.555,-134.382,437.54,-377.099,-156.253,437.54,-377.099,-134.382,453.336,-377.099,-156.253,453.336,-377.099,-135.611,438.769,-377.099,-155.024,438.769,-377.099,-135.611,452.107,-377.099,-155.024,452.107,-377.099],
    "metadata": {
        "generator": "io_three",
        "uvs": 0,
        "faces": 14,
        "type": "Geometry",
        "vertices": 16,
        "version": 3,
        "normals": 12
    },
    "normals": [-0.578814,-0.577624,-0.575549,-0.578814,0.577624,-0.575549,0.575823,0.577044,-0.579119,0.575823,-0.577044,-0.579119,0.577349,0.577349,0.577349,-0.577349,0.577349,0.577349,-0.577349,-0.577349,0.577349,0.577349,-0.577349,0.577349,-0.301492,0.301492,0.904508,0.301492,0.301492,0.904508,-0.301492,-0.301492,0.904508,0.301492,-0.301492,0.904508]
}