{
    "uvs": [],
    "faces": [33,0,1,2,3,0,1,2,3,33,1,4,5,2,1,4,5,2,33,4,6,7,5,4,6,7,5,33,6,0,3,7,6,0,3,7,33,0,6,8,9,0,6,8,9,33,6,4,10,8,6,4,10,8,33,4,1,11,10,4,1,11,10,33,1,0,9,11,1,0,9,11,33,3,2,12,13,3,2,12,13,33,2,5,14,12,2,5,14,12,33,5,7,15,14,5,7,15,14,33,7,3,13,15,7,3,13,15,33,13,12,11,9,13,12,11,9,33,14,15,8,10,14,15,8,10,33,15,13,9,8,15,13,9,8,33,12,14,10,11,12,14,10,11],
    "name": "Box618Geometry",
    "vertices": [643.161,447.068,70.6892,643.161,447.068,51.448,645.157,447.068,51.448,645.157,447.068,70.6892,643.161,463.012,51.448,645.157,463.012,51.448,643.161,463.012,70.6892,645.157,463.012,70.6892,643.161,460.678,68.2974,643.161,449.402,68.2974,643.161,460.678,53.8398,643.161,449.402,53.8398,645.157,449.402,53.8398,645.157,449.402,68.2974,645.157,460.678,53.8398,645.157,460.678,68.2974],
    "metadata": {
        "generator": "io_three",
        "uvs": 0,
        "faces": 16,
        "type": "Geometry",
        "vertices": 16,
        "version": 3,
        "normals": 16
    },
    "normals": [-0.577319,-0.577349,0.577319,-0.577319,-0.577349,-0.577319,0.577349,-0.577319,-0.577349,0.577349,-0.577319,0.577349,-0.577319,0.577349,-0.577319,0.577349,0.577319,-0.577349,-0.577319,0.577349,0.577319,0.577349,0.577319,0.577349,-0.904508,-0.301492,-0.301492,-0.904508,0.301492,-0.301492,-0.904508,-0.301492,0.301492,-0.904508,0.301492,0.301492,0.904508,0.301492,0.301492,0.904508,0.301492,-0.301492,0.904508,-0.301492,0.301492,0.904508,-0.301492,-0.301492]
}