{
    "uvs": [],
    "faces": [33,0,1,2,3,0,1,2,3,33,1,4,5,2,1,4,5,2,33,4,6,7,5,4,6,7,5,33,6,0,3,7,6,0,3,7,33,0,6,8,9,0,6,8,9,33,6,4,10,8,6,4,10,8,33,4,1,11,10,4,1,11,10,33,1,0,9,11,1,0,9,11,33,3,2,12,13,3,2,12,13,33,2,5,14,12,2,5,14,12,33,5,7,15,14,5,7,15,14,33,7,3,13,15,7,3,13,15,33,13,12,11,9,13,12,11,9,33,14,15,8,10,14,15,8,10,33,15,13,9,8,15,13,9,8,33,12,14,10,11,12,14,10,11],
    "name": "Box616Geometry",
    "vertices": [642.628,430.78,47.7105,642.628,430.78,10.1828,645.628,430.78,10.1828,645.628,430.78,47.7105,642.628,454.745,10.1828,645.628,454.745,10.1828,642.628,454.745,47.7106,645.628,454.745,47.7106,642.628,451.237,43.0457,642.628,434.289,43.0457,642.628,451.237,14.8477,642.628,434.289,14.8477,645.628,434.289,14.8477,645.628,434.289,43.0457,645.628,451.237,14.8477,645.628,451.237,43.0457],
    "metadata": {
        "generator": "io_three",
        "uvs": 0,
        "faces": 16,
        "type": "Geometry",
        "vertices": 16,
        "version": 3,
        "normals": 16
    },
    "normals": [-0.577319,-0.577349,0.577319,-0.577319,-0.577349,-0.577319,0.577349,-0.577319,-0.577349,0.577349,-0.577319,0.577349,-0.577349,0.577349,-0.577349,0.577349,0.577319,-0.577349,-0.577349,0.577349,0.577349,0.577349,0.577319,0.577349,-0.904508,-0.301492,-0.301492,-0.904538,0.301492,-0.301492,-0.904508,-0.301492,0.301492,-0.904538,0.301492,0.301492,0.904508,0.301492,0.301492,0.904508,0.301492,-0.301492,0.904508,-0.301492,0.301492,0.904508,-0.301492,-0.301492]
}