{
    "metadata": {
        "version": 3,
        "faces": 35,
        "vertices": 37,
        "uvs": 0,
        "normals": 37,
        "type": "Geometry",
        "generator": "io_three"
    },
    "faces": [33,0,1,2,3,0,1,2,3,33,4,5,6,7,4,5,6,7,33,8,4,7,9,8,4,7,9,33,10,8,9,11,10,8,9,11,33,10,11,12,13,10,11,12,13,33,1,0,14,15,1,0,14,15,33,16,17,5,4,16,17,5,4,33,18,16,4,8,18,16,4,8,33,10,19,18,8,10,19,18,8,33,13,20,19,10,13,20,19,10,33,21,22,2,17,21,22,2,17,33,23,0,3,24,23,0,3,24,33,0,23,25,14,0,23,25,14,33,26,15,14,25,26,15,14,25,33,27,28,7,6,27,28,7,6,33,28,29,9,7,28,29,9,7,33,29,30,11,9,29,30,11,9,33,30,31,12,11,30,31,12,11,33,32,13,12,31,32,13,12,31,33,33,20,13,32,33,20,13,32,33,33,34,19,20,33,34,19,20,33,34,35,18,19,34,35,18,19,33,35,36,16,18,35,36,16,18,33,36,21,17,16,36,21,17,16,33,5,17,2,1,5,17,2,1,33,6,5,1,15,6,5,1,15,33,22,24,3,2,22,24,3,2,33,27,6,15,26,27,6,15,26,33,30,34,33,32,30,34,33,32,32,31,30,32,31,30,32,33,34,30,29,35,34,30,29,35,33,35,29,28,36,35,29,28,36,33,36,28,27,21,36,28,27,21,33,21,27,26,22,21,27,26,22,33,25,24,22,26,25,24,22,26],
    "vertices": [14.1072,650.576,515.626,14.1072,655.171,318.523,-659.731,655.171,318.523,-659.731,650.576,515.626,14.1073,628.303,-45.6878,14.1073,649.82,115.149,689.29,649.82,115.149,689.29,628.303,-45.6878,14.1073,596.516,-186.432,689.29,596.516,-186.432,14.1073,557.641,-302.884,689.29,557.641,-302.917,689.29,510.434,-422.649,14.1073,510.434,-422.649,689.29,650.576,515.626,689.29,655.171,318.523,-659.731,628.303,-45.6878,-659.731,649.82,115.149,-659.731,596.516,-186.432,-659.731,557.641,-302.852,-659.731,510.434,-422.649,-659.731,620.343,115.149,-659.731,625.694,318.523,14.1072,621.099,515.626,-659.731,621.099,515.626,689.29,621.099,515.626,689.29,625.694,318.523,689.29,620.343,115.149,689.29,598.826,-45.6878,689.29,565.118,-186.432,689.29,528.164,-297.34,689.29,480.957,-422.649,14.1074,480.957,-422.649,-659.731,480.957,-422.649,-659.731,528.164,-297.274,-659.731,565.118,-186.432,-659.731,598.826,-45.6878],
    "uvs": [],
    "normals": [0,0.698813,0.715293,0,0.999969,-0.001495,-0.701559,0.712577,-0.001038,-0.57857,0.569964,0.583392,0,0.984252,-0.176611,0,0.996826,-0.079562,0.695273,0.716422,-0.057161,0.697195,0.705588,-0.126591,0,0.963164,-0.268807,0.696005,0.69158,-0.192969,0,0.939756,-0.341777,0.701132,0.670064,-0.24369,0.599689,0.45027,-0.661489,0,0.5627,-0.826624,0.57857,0.569964,0.583392,0.701559,0.712577,-0.001038,-0.697195,0.705588,-0.126591,-0.695273,0.716422,-0.057161,-0.696005,0.69158,-0.192999,-0.701163,0.670034,-0.24369,-0.599689,0.450301,-0.661489,-0.719291,-0.692465,0.055269,-0.712729,-0.701407,0.001038,0,0,1,-0.576128,-0.584643,0.571154,0.576128,-0.584643,0.571154,0.712729,-0.701407,0.001038,0.719291,-0.692465,0.055269,0.718741,-0.683493,0.127201,0.716971,-0.670247,0.191565,0.711478,-0.662221,0.234993,0.560717,-0.680898,-0.471084,0,-0.822321,-0.569018,-0.560747,-0.680868,-0.471114,-0.711417,-0.662282,0.234962,-0.716971,-0.670217,0.191534,-0.718741,-0.683493,0.127201],
    "name": "int_toitureGeometry"
}